investment,rd_intensity,leverage,interest_rate,sector,firm,year
17,2.2,0.41,2.4,5,1,2000
20,9.7,0.56,7.6,5,1,2001
26,9.3,0.41,5,5,1,2002
19,3.2,0.62,4,5,1,2003
11,5.4,0.57,2.2,5,1,2004
15,4.6,0.14,7.9,5,1,2005
16,0.8,0.61,2.1,5,1,2006
15,2.4,0.6,3.4,5,1,2007
16,0,0.67,2.9,5,1,2008
28,12.3,0.08,4.1,5,1,2009
19,5.6,0.47,3.2,5,1,2010
19,6.6,0.71,5.6,5,1,2011
34,7.5,0.78,6.9,5,1,2012
20,4.8,0.22,3.4,5,1,2013
17,5.3,0.32,4,5,1,2014
18,7.9,0.73,4.1,5,1,2015
36,13.3,0.1,6.5,5,1,2016
23,6.8,0.44,5.6,5,1,2017
14,0.7,0.27,5.5,5,1,2018
22,4.3,0.49,8,5,1,2019
11,5,0.66,7,5,1,2020
14,4.5,0.13,7.6,5,1,2021
18,2.7,0.4,2.8,5,1,2022
10,2.8,0.64,7.3,5,1,2023
13,9.8,0.16,3.7,5,1,2024
25,0.4,0.08,2.4,3,2,2000
20,12.3,0.55,7.6,3,2,2001
9,0.4,0.7,5,3,2,2002
27,5.7,0.26,4,3,2,2003
20,4.5,0.32,2.2,3,2,2004
28,3.4,0.55,7.9,3,2,2005
26,9.2,0.42,2.1,3,2,2006
17,6.3,0.5,3.4,3,2,2007
31,10.5,0.29,2.9,3,2,2008
21,4.3,0.33,4.1,3,2,2009
14,3.7,0.61,3.2,3,2,2010
9,2.9,0.74,5.6,3,2,2011
10,1.5,0.65,6.9,3,2,2012
19,3.4,0.7,3.4,3,2,2013
20,3.5,0.57,4,3,2,2014
14,0,0.34,4.1,3,2,2015
38,8.2,0.28,6.5,3,2,2016
15,6.4,0.42,5.6,3,2,2017
26,8.9,0.14,5.5,3,2,2018
42,5.8,0.17,8,3,2,2019
11,5.2,0.49,7,3,2,2020
14,4.3,0.28,7.6,3,2,2021
17,1.4,0.07,2.8,3,2,2022
32,5.2,0.57,7.3,3,2,2023
13,2,0.77,3.7,3,2,2024
24,5.7,0.51,2.4,2,3,2000
10,6.4,0.78,7.6,2,3,2001
11,5,0.23,5,2,3,2002
31,4.5,0.57,4,2,3,2003
19,7.3,0.65,2.2,2,3,2004
13,2.9,0.27,7.9,2,3,2005
18,4.1,0.55,2.1,2,3,2006
7,0.5,0.36,3.4,2,3,2007
36,7.5,0.43,2.9,2,3,2008
20,4.6,0.12,4.1,2,3,2009
16,3.2,0.06,3.2,2,3,2010
15,5.7,0.31,5.6,2,3,2011
38,5.3,0.46,6.9,2,3,2012
27,7.1,0.35,3.4,2,3,2013
24,4.5,0.78,4,2,3,2014
28,8.1,0.73,4.1,2,3,2015
16,1.6,0.02,6.5,2,3,2016
20,2,0.79,5.6,2,3,2017
13,3.8,0.5,5.5,2,3,2018
29,9.1,0.45,8,2,3,2019
12,0.3,0.2,7,2,3,2020
7,1.5,0.4,7.6,2,3,2021
26,3.6,0.56,2.8,2,3,2022
11,0.7,0.44,7.3,2,3,2023
12,6.1,0.8,3.7,2,3,2024
12,0.2,0.27,2.4,3,4,2000
52,4,0.18,7.6,3,4,2001
16,2.9,0.13,5,3,4,2002
28,8,0.74,4,3,4,2003
14,2.3,0.78,2.2,3,4,2004
11,2.3,0.18,7.9,3,4,2005
28,5.6,0.21,2.1,3,4,2006
24,2.4,0.26,3.4,3,4,2007
24,2.4,0.71,2.9,3,4,2008
24,9.2,0.04,4.1,3,4,2009
19,8.3,0.58,3.2,3,4,2010
13,1.3,0.7,5.6,3,4,2011
18,2.3,0.34,6.9,3,4,2012
30,2.8,0.47,3.4,3,4,2013
16,2.4,0.56,4,3,4,2014
27,11.8,0.29,4.1,3,4,2015
18,10.8,0.69,6.5,3,4,2016
21,7,0.61,5.6,3,4,2017
10,0,0.07,5.5,3,4,2018
24,6.3,0.11,8,3,4,2019
15,6.8,0.78,7,3,4,2020
7,1,0.5,7.6,3,4,2021
17,0.2,0.14,2.8,3,4,2022
16,9,0.72,7.3,3,4,2023
18,4.7,0.1,3.7,3,4,2024
19,4.5,0.3,2.4,4,5,2000
19,6.4,0.27,7.6,4,5,2001
20,10.1,0.38,5,4,5,2002
22,0,0.54,4,4,5,2003
20,4,0.21,2.2,4,5,2004
30,7.5,0.21,7.9,4,5,2005
24,5.7,0.61,2.1,4,5,2006
18,0,0.11,3.4,4,5,2007
28,10.3,0.12,2.9,4,5,2008
16,3,0.73,4.1,4,5,2009
20,4.4,0.53,3.2,4,5,2010
8,2.1,0.61,5.6,4,5,2011
20,3.8,0.13,6.9,4,5,2012
13,2.5,0.17,3.4,4,5,2013
32,8.1,0.52,4,4,5,2014
31,5.5,0.35,4.1,4,5,2015
23,6.3,0.12,6.5,4,5,2016
45,4.1,0.36,5.6,4,5,2017
17,5,0.35,5.5,4,5,2018
31,3.5,0.31,8,4,5,2019
40,7.5,0.13,7,4,5,2020
10,0,0.79,7.6,4,5,2021
23,6.5,0.67,2.8,4,5,2022
19,1.1,0.78,7.3,4,5,2023
16,6,0.03,3.7,4,5,2024
14,3.4,0.11,2.4,1,6,2000
18,7.7,0.4,7.6,1,6,2001
11,5.9,0.69,5,1,6,2002
26,4.8,0.49,4,1,6,2003
25,5.8,0.69,2.2,1,6,2004
14,6.5,0.47,7.9,1,6,2005
32,5.5,0.04,2.1,1,6,2006
17,5.6,0.63,3.4,1,6,2007
20,5.1,0.51,2.9,1,6,2008
19,6.3,0.41,4.1,1,6,2009
24,8.3,0.25,3.2,1,6,2010
6,0,0.12,5.6,1,6,2011
25,7.2,0.46,6.9,1,6,2012
23,3.6,0.64,3.4,1,6,2013
19,4.8,0.56,4,1,6,2014
20,0,0.04,4.1,1,6,2015
26,6.3,0.15,6.5,1,6,2016
31,7.9,0.27,5.6,1,6,2017
12,7,0.6,5.5,1,6,2018
22,4.8,0.02,8,1,6,2019
24,6.2,0.37,7,1,6,2020
19,7,0.25,7.6,1,6,2021
22,1.6,0.2,2.8,1,6,2022
9,0,0.49,7.3,1,6,2023
21,4.4,0.6,3.7,1,6,2024
14,2.4,0.45,2.4,3,7,2000
11,1.3,0.67,7.6,3,7,2001
13,3.2,0.09,5,3,7,2002
22,0,0.56,4,3,7,2003
23,3.5,0.51,2.2,3,7,2004
14,5.8,0.66,7.9,3,7,2005
30,5.9,0.05,2.1,3,7,2006
17,6.8,0.2,3.4,3,7,2007
17,9.5,0.63,2.9,3,7,2008
19,5.4,0.16,4.1,3,7,2009
31,7.2,0.72,3.2,3,7,2010
11,3.8,0.35,5.6,3,7,2011
37,12.4,0.36,6.9,3,7,2012
20,3,0.56,3.4,3,7,2013
37,5.3,0.49,4,3,7,2014
29,6.4,0.23,4.1,3,7,2015
37,8,0.25,6.5,3,7,2016
36,9.5,0.13,5.6,3,7,2017
24,5.6,0.16,5.5,3,7,2018
17,2.9,0.76,8,3,7,2019
14,0,0.61,7,3,7,2020
14,3,0.34,7.6,3,7,2021
15,1.5,0.2,2.8,3,7,2022
15,8.5,0.69,7.3,3,7,2023
10,5.2,0.59,3.7,3,7,2024
22,7.2,0.6,2.4,3,8,2000
19,4.6,0.78,7.6,3,8,2001
18,5,0.68,5,3,8,2002
34,4.2,0.23,4,3,8,2003
21,6.2,0.66,2.2,3,8,2004
20,11,0.34,7.9,3,8,2005
35,6,0.7,2.1,3,8,2006
24,4.5,0.46,3.4,3,8,2007
34,6.7,0.74,2.9,3,8,2008
23,3.2,0.11,4.1,3,8,2009
36,5.7,0,3.2,3,8,2010
10,6.7,0.74,5.6,3,8,2011
25,5.8,0.28,6.9,3,8,2012
42,11.3,0.21,3.4,3,8,2013
28,4.5,0.44,4,3,8,2014
17,5.7,0.24,4.1,3,8,2015
15,2.5,0.41,6.5,3,8,2016
22,3.3,0.65,5.6,3,8,2017
12,3.2,0.66,5.5,3,8,2018
23,5.6,0.04,8,3,8,2019
14,1.9,0.68,7,3,8,2020
15,6.2,0.23,7.6,3,8,2021
40,9,0.68,2.8,3,8,2022
16,5,0.26,7.3,3,8,2023
14,5.8,0.33,3.7,3,8,2024
29,6.8,0.05,2.4,5,9,2000
21,0,0.26,7.6,5,9,2001
10,2,0.03,5,5,9,2002
33,7.2,0.7,4,5,9,2003
19,5.2,0.79,2.2,5,9,2004
11,7.9,0.77,7.9,5,9,2005
29,1.7,0.41,2.1,5,9,2006
21,4.5,0.44,3.4,5,9,2007
23,5.6,0.68,2.9,5,9,2008
14,3.9,0.05,4.1,5,9,2009
15,4.9,0.77,3.2,5,9,2010
14,10.1,0.58,5.6,5,9,2011
12,2.6,0.19,6.9,5,9,2012
51,12.8,0.11,3.4,5,9,2013
31,5.6,0.72,4,5,9,2014
16,5,0.79,4.1,5,9,2015
32,8.5,0.16,6.5,5,9,2016
25,7,0.02,5.6,5,9,2017
20,4.4,0.75,5.5,5,9,2018
24,6.5,0.57,8,5,9,2019
13,1.5,0.01,7,5,9,2020
10,6.3,0.75,7.6,5,9,2021
37,3.8,0.03,2.8,5,9,2022
25,4.2,0.14,7.3,5,9,2023
10,8.6,0.65,3.7,5,9,2024
15,1.9,0.45,2.4,2,10,2000
18,6.9,0.7,7.6,2,10,2001
31,8.6,0.32,5,2,10,2002
13,4.3,0.75,4,2,10,2003
28,6.6,0.09,2.2,2,10,2004
21,2.5,0.37,7.9,2,10,2005
17,3.2,0.71,2.1,2,10,2006
24,6.4,0.18,3.4,2,10,2007
15,0.6,0.43,2.9,2,10,2008
12,0,0.69,4.1,2,10,2009
18,9.3,0.7,3.2,2,10,2010
8,6.3,0.59,5.6,2,10,2011
17,0.7,0.25,6.9,2,10,2012
17,4.5,0.5,3.4,2,10,2013
23,4.6,0.38,4,2,10,2014
33,6.5,0.69,4.1,2,10,2015
31,2.8,0.46,6.5,2,10,2016
22,4.5,0.25,5.6,2,10,2017
23,0.3,0.31,5.5,2,10,2018
16,2.3,0.2,8,2,10,2019
14,5.9,0.44,7,2,10,2020
13,11.7,0.55,7.6,2,10,2021
45,8.2,0.18,2.8,2,10,2022
19,5.4,0.29,7.3,2,10,2023
14,5.3,0.63,3.7,2,10,2024
18,2,0.25,2.4,1,11,2000
12,4.3,0.5,7.6,1,11,2001
23,8.6,0.09,5,1,11,2002
24,4.6,0.64,4,1,11,2003
22,7.4,0.02,2.2,1,11,2004
9,2.3,0.53,7.9,1,11,2005
27,3.4,0.74,2.1,1,11,2006
14,9.8,0.3,3.4,1,11,2007
13,2.5,0.65,2.9,1,11,2008
13,3.5,0.7,4.1,1,11,2009
20,4.2,0.55,3.2,1,11,2010
11,4.1,0.09,5.6,1,11,2011
30,5.2,0.21,6.9,1,11,2012
22,4.8,0.61,3.4,1,11,2013
19,6.5,0.09,4,1,11,2014
11,0,0.31,4.1,1,11,2015
12,4.4,0.38,6.5,1,11,2016
18,7.2,0.45,5.6,1,11,2017
12,3.2,0.75,5.5,1,11,2018
19,0.8,0.55,8,1,11,2019
20,7.2,0.64,7,1,11,2020
11,5.9,0.09,7.6,1,11,2021
14,3.7,0.54,2.8,1,11,2022
17,3.7,0.03,7.3,1,11,2023
17,3.8,0.79,3.7,1,11,2024
51,3.6,0.62,2.4,4,12,2000
16,5.1,0.68,7.6,4,12,2001
11,4.7,0.58,5,4,12,2002
45,9.2,0.26,4,4,12,2003
15,6,0.31,2.2,4,12,2004
15,6.7,0.63,7.9,4,12,2005
13,0,0.51,2.1,4,12,2006
18,5.7,0.34,3.4,4,12,2007
21,6,0.66,2.9,4,12,2008
17,3.7,0.15,4.1,4,12,2009
16,3.2,0.09,3.2,4,12,2010
9,2.8,0.07,5.6,4,12,2011
20,1.3,0.79,6.9,4,12,2012
22,2.3,0.36,3.4,4,12,2013
21,0,0.29,4,4,12,2014
25,5.2,0.27,4.1,4,12,2015
22,2.2,0.09,6.5,4,12,2016
22,5.2,0.67,5.6,4,12,2017
17,6.3,0.63,5.5,4,12,2018
40,8,0.05,8,4,12,2019
17,0.2,0.57,7,4,12,2020
19,6.3,0.02,7.6,4,12,2021
29,8.5,0.75,2.8,4,12,2022
22,6.1,0.15,7.3,4,12,2023
13,6.9,0.23,3.7,4,12,2024
13,3.5,0.49,2.4,2,13,2000
15,3.9,0.68,7.6,2,13,2001
8,7.1,0.05,5,2,13,2002
19,2.5,0.25,4,2,13,2003
11,3.5,0.6,2.2,2,13,2004
15,4,0.59,7.9,2,13,2005
18,4.1,0.49,2.1,2,13,2006
28,8.3,0.56,3.4,2,13,2007
10,3.7,0.57,2.9,2,13,2008
19,3.6,0.15,4.1,2,13,2009
16,1.3,0.72,3.2,2,13,2010
16,5.5,0.01,5.6,2,13,2011
36,6.6,0.14,6.9,2,13,2012
24,3.9,0.35,3.4,2,13,2013
27,0,0.17,4,2,13,2014
25,10.5,0.11,4.1,2,13,2015
9,5.2,0.49,6.5,2,13,2016
33,8.7,0.27,5.6,2,13,2017
13,6.3,0.36,5.5,2,13,2018
21,4.8,0.71,8,2,13,2019
24,7.2,0.25,7,2,13,2020
12,3.6,0.77,7.6,2,13,2021
26,1.2,0.49,2.8,2,13,2022
17,8.4,0.76,7.3,2,13,2023
16,0,0.28,3.7,2,13,2024
18,8.1,0.77,2.4,1,14,2000
27,4.5,0.08,7.6,1,14,2001
20,2,0.25,5,1,14,2002
40,8.2,0.29,4,1,14,2003
32,5.3,0.67,2.2,1,14,2004
22,4.9,0.75,7.9,1,14,2005
20,7.8,0.44,2.1,1,14,2006
8,2.1,0.48,3.4,1,14,2007
21,3.8,0.74,2.9,1,14,2008
21,7.1,0.25,4.1,1,14,2009
15,3.4,0.03,3.2,1,14,2010
9,7.2,0.29,5.6,1,14,2011
31,4.3,0.37,6.9,1,14,2012
21,5.5,0.73,3.4,1,14,2013
18,0,0.64,4,1,14,2014
19,4.3,0.35,4.1,1,14,2015
19,3.8,0.55,6.5,1,14,2016
29,8.8,0.31,5.6,1,14,2017
16,7.7,0.36,5.5,1,14,2018
32,7.6,0.1,8,1,14,2019
27,4.4,0.39,7,1,14,2020
12,9.2,0.14,7.6,1,14,2021
18,2.7,0.24,2.8,1,14,2022
19,9.2,0.61,7.3,1,14,2023
21,2.1,0.04,3.7,1,14,2024
15,0,0.34,2.4,3,15,2000
30,7.9,0.53,7.6,3,15,2001
12,8,0.73,5,3,15,2002
63,8.8,0.24,4,3,15,2003
29,7.8,0.2,2.2,3,15,2004
18,7.9,0.46,7.9,3,15,2005
44,8.1,0.11,2.1,3,15,2006
31,8.5,0.53,3.4,3,15,2007
24,3.7,0.51,2.9,3,15,2008
25,5.3,0.04,4.1,3,15,2009
16,4.3,0.3,3.2,3,15,2010
14,6.8,0.31,5.6,3,15,2011
32,4.8,0.29,6.9,3,15,2012
27,4.8,0.74,3.4,3,15,2013
46,3.8,0.52,4,3,15,2014
24,3.8,0.37,4.1,3,15,2015
21,7.4,0.79,6.5,3,15,2016
20,7.9,0.42,5.6,3,15,2017
16,6.9,0.65,5.5,3,15,2018
15,8.9,0.69,8,3,15,2019
16,4,0.67,7,3,15,2020
7,0.9,0.65,7.6,3,15,2021
16,4,0.69,2.8,3,15,2022
14,1.2,0.24,7.3,3,15,2023
14,1.8,0.32,3.7,3,15,2024
28,8.3,0.39,2.4,3,16,2000
14,8.6,0.59,7.6,3,16,2001
19,6.9,0.73,5,3,16,2002
16,0.9,0.69,4,3,16,2003
18,5.5,0.41,2.2,3,16,2004
17,3.4,0.21,7.9,3,16,2005
28,3.2,0.52,2.1,3,16,2006
33,7.5,0.04,3.4,3,16,2007
27,4.3,0.48,2.9,3,16,2008
15,3.7,0.4,4.1,3,16,2009
21,4.2,0.6,3.2,3,16,2010
18,5.4,0.63,5.6,3,16,2011
35,8.8,0.03,6.9,3,16,2012
35,4.6,0.07,3.4,3,16,2013
31,7.1,0.15,4,3,16,2014
29,10.4,0.7,4.1,3,16,2015
11,3.3,0.46,6.5,3,16,2016
19,3.8,0.19,5.6,3,16,2017
13,9,0.57,5.5,3,16,2018
58,4.9,0.32,8,3,16,2019
16,3.4,0.67,7,3,16,2020
12,1.6,0.46,7.6,3,16,2021
38,1.1,0.1,2.8,3,16,2022
19,0.4,0.27,7.3,3,16,2023
16,4.8,0.46,3.7,3,16,2024
17,2.7,0.08,2.4,2,17,2000
16,6,0.15,7.6,2,17,2001
7,1.7,0.7,5,2,17,2002
59,8.5,0.03,4,2,17,2003
14,1.3,0.71,2.2,2,17,2004
14,0,0.4,7.9,2,17,2005
16,3.4,0.49,2.1,2,17,2006
32,11.4,0.08,3.4,2,17,2007
16,1.2,0.31,2.9,2,17,2008
16,4.7,0.21,4.1,2,17,2009
15,1.2,0.53,3.2,2,17,2010
9,1.4,0.57,5.6,2,17,2011
20,2.2,0.19,6.9,2,17,2012
14,5.5,0.73,3.4,2,17,2013
29,4,0.64,4,2,17,2014
16,10.8,0.65,4.1,2,17,2015
18,0.5,0.09,6.5,2,17,2016
18,6.1,0.27,5.6,2,17,2017
14,5.7,0.65,5.5,2,17,2018
34,9,0.58,8,2,17,2019
16,3.3,0.5,7,2,17,2020
5,0,0.46,7.6,2,17,2021
31,6.6,0.74,2.8,2,17,2022
21,7,0.66,7.3,2,17,2023
20,2.7,0.17,3.7,2,17,2024
22,10.2,0.7,2.4,4,18,2000
23,5.2,0.6,7.6,4,18,2001
16,1.3,0.42,5,4,18,2002
39,6.7,0.06,4,4,18,2003
29,7,0.04,2.2,4,18,2004
12,2.7,0.77,7.9,4,18,2005
27,2.8,0.02,2.1,4,18,2006
19,6.8,0.74,3.4,4,18,2007
14,5.2,0.43,2.9,4,18,2008
23,9,0.23,4.1,4,18,2009
34,0.2,0.25,3.2,4,18,2010
9,6.5,0.48,5.6,4,18,2011
32,3.3,0.13,6.9,4,18,2012
24,0.5,0.3,3.4,4,18,2013
30,10.6,0.79,4,4,18,2014
18,3.9,0.2,4.1,4,18,2015
9,4.8,0.31,6.5,4,18,2016
24,2.1,0.61,5.6,4,18,2017
11,2.4,0.1,5.5,4,18,2018
28,12.7,0.78,8,4,18,2019
26,4.4,0.16,7,4,18,2020
25,4.6,0.21,7.6,4,18,2021
31,7.4,0.31,2.8,4,18,2022
28,5.2,0.4,7.3,4,18,2023
12,4.6,0.5,3.7,4,18,2024
23,1.3,0.18,2.4,2,19,2000
14,5.8,0.73,7.6,2,19,2001
19,6.9,0.59,5,2,19,2002
26,9.4,0.78,4,2,19,2003
11,0.2,0.68,2.2,2,19,2004
23,2.6,0.23,7.9,2,19,2005
15,4,0.34,2.1,2,19,2006
19,7.3,0.78,3.4,2,19,2007
16,0,0.63,2.9,2,19,2008
21,6.8,0.71,4.1,2,19,2009
22,5.4,0.47,3.2,2,19,2010
19,6.7,0.37,5.6,2,19,2011
16,6.9,0.1,6.9,2,19,2012
32,5,0.48,3.4,2,19,2013
20,2.2,0.09,4,2,19,2014
17,1.2,0.34,4.1,2,19,2015
21,3.7,0.09,6.5,2,19,2016
42,5.6,0.3,5.6,2,19,2017
16,0,0.19,5.5,2,19,2018
19,3.2,0.5,8,2,19,2019
26,10.6,0.52,7,2,19,2020
9,7.7,0.61,7.6,2,19,2021
30,7.7,0.02,2.8,2,19,2022
14,3.8,0.06,7.3,2,19,2023
13,6.6,0.55,3.7,2,19,2024
20,2.7,0.38,2.4,2,20,2000
29,6,0.64,7.6,2,20,2001
36,4,0.03,5,2,20,2002
17,2.1,0.13,4,2,20,2003
22,5.2,0.55,2.2,2,20,2004
25,11.1,0.28,7.9,2,20,2005
18,5.2,0.64,2.1,2,20,2006
21,5.9,0.75,3.4,2,20,2007
25,4.2,0.63,2.9,2,20,2008
9,3.8,0.68,4.1,2,20,2009
12,0.4,0.68,3.2,2,20,2010
7,2.6,0.05,5.6,2,20,2011
15,0.4,0.6,6.9,2,20,2012
20,3.1,0.42,3.4,2,20,2013
19,2,0.52,4,2,20,2014
42,8.6,0.12,4.1,2,20,2015
23,13.3,0.19,6.5,2,20,2016
34,5.6,0.38,5.6,2,20,2017
14,2.5,0.14,5.5,2,20,2018
20,2.2,0.77,8,2,20,2019
16,10,0.44,7,2,20,2020
10,4.5,0.19,7.6,2,20,2021
13,7.2,0.73,2.8,2,20,2022
18,4.7,0.32,7.3,2,20,2023
19,4.8,0.66,3.7,2,20,2024
15,7,0.27,2.4,3,21,2000
27,2.4,0.44,7.6,3,21,2001
13,3.7,0.37,5,3,21,2002
23,4.9,0.79,4,3,21,2003
23,0.7,0,2.2,3,21,2004
12,0.7,0.06,7.9,3,21,2005
18,2.5,0.55,2.1,3,21,2006
20,3.4,0.44,3.4,3,21,2007
13,1.8,0.35,2.9,3,21,2008
15,6.8,0.47,4.1,3,21,2009
25,0.1,0.05,3.2,3,21,2010
8,2.3,0.77,5.6,3,21,2011
20,4.7,0.76,6.9,3,21,2012
31,9.1,0.05,3.4,3,21,2013
40,9.9,0.7,4,3,21,2014
31,9.4,0.24,4.1,3,21,2015
23,4.4,0.11,6.5,3,21,2016
13,0,0.35,5.6,3,21,2017
25,5.1,0.31,5.5,3,21,2018
77,10.4,0.02,8,3,21,2019
31,6.9,0.66,7,3,21,2020
14,4.9,0.04,7.6,3,21,2021
28,2.4,0.26,2.8,3,21,2022
15,0.2,0.04,7.3,3,21,2023
23,7.3,0.27,3.7,3,21,2024
17,4.7,0.09,2.4,4,22,2000
14,5.3,0.39,7.6,4,22,2001
24,3.4,0.15,5,4,22,2002
79,12.1,0.28,4,4,22,2003
20,5.4,0.1,2.2,4,22,2004
19,10.2,0.72,7.9,4,22,2005
19,5.6,0.6,2.1,4,22,2006
24,9.2,0.12,3.4,4,22,2007
51,9.8,0.33,2.9,4,22,2008
26,4.5,0.12,4.1,4,22,2009
18,10.3,0.01,3.2,4,22,2010
20,7.1,0.62,5.6,4,22,2011
35,9.4,0.44,6.9,4,22,2012
24,5.4,0.15,3.4,4,22,2013
33,4.5,0.7,4,4,22,2014
15,2.9,0.48,4.1,4,22,2015
18,6.6,0,6.5,4,22,2016
16,3.3,0.69,5.6,4,22,2017
22,7.1,0.73,5.5,4,22,2018
29,3,0.01,8,4,22,2019
21,10.9,0.26,7,4,22,2020
9,5.3,0.49,7.6,4,22,2021
26,5.3,0.6,2.8,4,22,2022
26,6.7,0.18,7.3,4,22,2023
9,1.8,0.55,3.7,4,22,2024
23,4.1,0.27,2.4,1,23,2000
26,4.2,0.43,7.6,1,23,2001
15,6.7,0.44,5,1,23,2002
19,0.9,0.35,4,1,23,2003
18,0,0.25,2.2,1,23,2004
14,5.6,0.18,7.9,1,23,2005
31,2.3,0.47,2.1,1,23,2006
18,6.9,0.3,3.4,1,23,2007
27,10.6,0.6,2.9,1,23,2008
18,0.7,0.79,4.1,1,23,2009
18,5.3,0.17,3.2,1,23,2010
10,6.1,0.46,5.6,1,23,2011
22,10.2,0.45,6.9,1,23,2012
23,2.1,0.2,3.4,1,23,2013
22,5.4,0.36,4,1,23,2014
34,11.2,0.58,4.1,1,23,2015
25,8.8,0.27,6.5,1,23,2016
22,4.5,0.14,5.6,1,23,2017
10,1.3,0.05,5.5,1,23,2018
45,9.5,0.41,8,1,23,2019
27,3.6,0.68,7,1,23,2020
8,6.1,0.22,7.6,1,23,2021
13,1.6,0.02,2.8,1,23,2022
18,4.4,0.68,7.3,1,23,2023
19,1.9,0.28,3.7,1,23,2024
25,2.8,0.1,2.4,2,24,2000
9,5.1,0.76,7.6,2,24,2001
10,2.4,0.36,5,2,24,2002
21,0,0.53,4,2,24,2003
17,4.7,0.03,2.2,2,24,2004
27,4,0.15,7.9,2,24,2005
30,10.1,0.46,2.1,2,24,2006
21,5.8,0.73,3.4,2,24,2007
20,10.3,0.7,2.9,2,24,2008
13,1.5,0.46,4.1,2,24,2009
16,5.5,0.42,3.2,2,24,2010
24,7,0.03,5.6,2,24,2011
20,0.2,0.22,6.9,2,24,2012
21,4.9,0.69,3.4,2,24,2013
17,2.5,0.4,4,2,24,2014
24,7.6,0.02,4.1,2,24,2015
24,7.7,0.27,6.5,2,24,2016
15,4.5,0.75,5.6,2,24,2017
13,2.2,0.43,5.5,2,24,2018
35,8.2,0.59,8,2,24,2019
32,9.5,0.71,7,2,24,2020
7,4.3,0.22,7.6,2,24,2021
16,2.9,0.39,2.8,2,24,2022
9,2.6,0.41,7.3,2,24,2023
12,5.1,0.61,3.7,2,24,2024
16,1.8,0.21,2.4,5,25,2000
14,1.7,0.4,7.6,5,25,2001
8,0,0.74,5,5,25,2002
31,4.3,0.4,4,5,25,2003
29,7.5,0.33,2.2,5,25,2004
17,10.2,0.35,7.9,5,25,2005
32,5.6,0.61,2.1,5,25,2006
16,3,0.78,3.4,5,25,2007
24,5,0.45,2.9,5,25,2008
28,9.8,0.48,4.1,5,25,2009
10,5.2,0.67,3.2,5,25,2010
13,7.8,0.48,5.6,5,25,2011
16,8.4,0.12,6.9,5,25,2012
38,3.1,0.29,3.4,5,25,2013
14,4.8,0.8,4,5,25,2014
26,1.8,0.41,4.1,5,25,2015
16,5.8,0.61,6.5,5,25,2016
19,1.7,0.75,5.6,5,25,2017
16,5.2,0.37,5.5,5,25,2018
19,1.6,0.31,8,5,25,2019
15,4.5,0.7,7,5,25,2020
13,4.6,0.38,7.6,5,25,2021
29,1.2,0.17,2.8,5,25,2022
14,0,0.47,7.3,5,25,2023
12,1.6,0.76,3.7,5,25,2024
19,5.3,0.49,2.4,4,26,2000
10,1.6,0.52,7.6,4,26,2001
15,7.9,0.53,5,4,26,2002
27,3.9,0.34,4,4,26,2003
22,5.8,0.12,2.2,4,26,2004
24,5.5,0.51,7.9,4,26,2005
22,10.6,0.67,2.1,4,26,2006
18,1.4,0.31,3.4,4,26,2007
20,5.5,0.8,2.9,4,26,2008
16,4.9,0.15,4.1,4,26,2009
11,7,0.59,3.2,4,26,2010
20,7.6,0.12,5.6,4,26,2011
32,8.7,0.29,6.9,4,26,2012
28,5.8,0.13,3.4,4,26,2013
37,7.1,0.01,4,4,26,2014
21,5.9,0.4,4.1,4,26,2015
9,1.9,0.28,6.5,4,26,2016
17,3.6,0.39,5.6,4,26,2017
16,0.2,0.01,5.5,4,26,2018
15,5,0.76,8,4,26,2019
18,6.7,0.47,7,4,26,2020
10,2.9,0.51,7.6,4,26,2021
13,3.7,0.77,2.8,4,26,2022
18,4.8,0.35,7.3,4,26,2023
28,11.9,0.37,3.7,4,26,2024
25,3.8,0.09,2.4,4,27,2000
21,5.1,0.02,7.6,4,27,2001
13,3.3,0.41,5,4,27,2002
35,4.4,0.54,4,4,27,2003
17,2.8,0.17,2.2,4,27,2004
16,10.7,0.45,7.9,4,27,2005
40,1.1,0.31,2.1,4,27,2006
19,5.6,0.01,3.4,4,27,2007
23,7.3,0.2,2.9,4,27,2008
24,3.5,0.07,4.1,4,27,2009
50,10.6,0.22,3.2,4,27,2010
12,5.6,0.7,5.6,4,27,2011
23,5.7,0.76,6.9,4,27,2012
46,8.2,0.22,3.4,4,27,2013
41,3.8,0.3,4,4,27,2014
24,5.2,0.18,4.1,4,27,2015
19,6.8,0.51,6.5,4,27,2016
25,7.1,0.38,5.6,4,27,2017
11,5.6,0.74,5.5,4,27,2018
29,5.9,0.49,8,4,27,2019
25,7.9,0.66,7,4,27,2020
6,3.9,0.56,7.6,4,27,2021
36,3.8,0.08,2.8,4,27,2022
20,7.7,0.66,7.3,4,27,2023
13,0,0.35,3.7,4,27,2024
28,6.9,0.17,2.4,3,28,2000
12,4.5,0.18,7.6,3,28,2001
12,4.9,0.46,5,3,28,2002
54,5.7,0.27,4,3,28,2003
27,7.9,0.2,2.2,3,28,2004
22,8.8,0.15,7.9,3,28,2005
26,6.1,0.43,2.1,3,28,2006
28,3.2,0.27,3.4,3,28,2007
14,5.1,0.36,2.9,3,28,2008
12,0,0.44,4.1,3,28,2009
22,9,0.47,3.2,3,28,2010
8,5.9,0.57,5.6,3,28,2011
17,5.9,0.47,6.9,3,28,2012
19,3,0.39,3.4,3,28,2013
33,5.7,0.37,4,3,28,2014
19,5.4,0.8,4.1,3,28,2015
18,7.2,0.8,6.5,3,28,2016
19,6.1,0.37,5.6,3,28,2017
30,4.8,0.17,5.5,3,28,2018
18,0.6,0.77,8,3,28,2019
25,5.7,0.17,7,3,28,2020
17,12.6,0.1,7.6,3,28,2021
19,1.9,0.27,2.8,3,28,2022
18,3.5,0.38,7.3,3,28,2023
26,9.2,0.59,3.7,3,28,2024
37,7.2,0.18,2.4,3,29,2000
11,4.7,0.64,7.6,3,29,2001
20,5,0.76,5,3,29,2002
29,2.7,0.51,4,3,29,2003
27,4.2,0.02,2.2,3,29,2004
22,6.6,0.18,7.9,3,29,2005
21,4.3,0.29,2.1,3,29,2006
13,2.6,0.5,3.4,3,29,2007
24,4,0,2.9,3,29,2008
18,1.7,0.74,4.1,3,29,2009
19,10,0.72,3.2,3,29,2010
9,12.5,0.52,5.6,3,29,2011
26,10.3,0.29,6.9,3,29,2012
39,7.6,0.29,3.4,3,29,2013
22,2.4,0.8,4,3,29,2014
31,9.5,0.36,4.1,3,29,2015
18,7.1,0.43,6.5,3,29,2016
23,6.8,0.24,5.6,3,29,2017
15,2.2,0.72,5.5,3,29,2018
28,1.3,0.16,8,3,29,2019
23,7.2,0.62,7,3,29,2020
12,0,0.65,7.6,3,29,2021
15,0.5,0.64,2.8,3,29,2022
17,5.4,0.07,7.3,3,29,2023
17,8.8,0.3,3.7,3,29,2024
22,5,0.51,2.4,2,30,2000
15,4.3,0.04,7.6,2,30,2001
15,6.6,0.4,5,2,30,2002
22,10.2,0.5,4,2,30,2003
16,0,0.67,2.2,2,30,2004
21,4.6,0.01,7.9,2,30,2005
52,8.4,0.15,2.1,2,30,2006
12,5.9,0.52,3.4,2,30,2007
20,4,0.5,2.9,2,30,2008
15,2.3,0.34,4.1,2,30,2009
13,6.3,0.45,3.2,2,30,2010
10,4.3,0.56,5.6,2,30,2011
23,5.9,0.41,6.9,2,30,2012
26,2.1,0.5,3.4,2,30,2013
25,1.5,0.75,4,2,30,2014
41,8.8,0.12,4.1,2,30,2015
28,6.8,0.64,6.5,2,30,2016
19,7.9,0.45,5.6,2,30,2017
10,1.3,0.56,5.5,2,30,2018
26,3.4,0.5,8,2,30,2019
14,4.9,0.42,7,2,30,2020
11,5.8,0.32,7.6,2,30,2021
22,2.8,0.46,2.8,2,30,2022
14,1.5,0.65,7.3,2,30,2023
12,3.2,0.53,3.7,2,30,2024
18,8.5,0.35,2.4,2,31,2000
34,0,0.04,7.6,2,31,2001
10,10,0.03,5,2,31,2002
34,3.4,0.44,4,2,31,2003
15,3.4,0.09,2.2,2,31,2004
16,2.1,0.69,7.9,2,31,2005
17,3.3,0.35,2.1,2,31,2006
25,2.8,0.31,3.4,2,31,2007
14,3.4,0.54,2.9,2,31,2008
24,1.5,0.2,4.1,2,31,2009
37,9.5,0.31,3.2,2,31,2010
11,5.6,0.4,5.6,2,31,2011
22,9,0.35,6.9,2,31,2012
19,3.8,0.63,3.4,2,31,2013
45,7.6,0.8,4,2,31,2014
13,0,0.77,4.1,2,31,2015
20,6.7,0.2,6.5,2,31,2016
42,4.4,0.15,5.6,2,31,2017
14,5.6,0.61,5.5,2,31,2018
13,2.7,0.54,8,2,31,2019
27,9.1,0.78,7,2,31,2020
11,8.1,0.34,7.6,2,31,2021
26,2.2,0.37,2.8,2,31,2022
18,8.7,0.51,7.3,2,31,2023
17,5.1,0.1,3.7,2,31,2024
14,4.9,0.59,2.4,4,32,2000
12,6,0.37,7.6,4,32,2001
15,7.9,0.52,5,4,32,2002
40,7.7,0.75,4,4,32,2003
15,7.6,0.65,2.2,4,32,2004
18,3.3,0.48,7.9,4,32,2005
27,0.5,0.28,2.1,4,32,2006
19,6.7,0.48,3.4,4,32,2007
13,6.8,0.77,2.9,4,32,2008
28,9.7,0.29,4.1,4,32,2009
24,6.3,0.27,3.2,4,32,2010
7,0,0.7,5.6,4,32,2011
11,2,0.69,6.9,4,32,2012
26,6.6,0.5,3.4,4,32,2013
62,6.9,0.58,4,4,32,2014
18,6.3,0.67,4.1,4,32,2015
31,3.5,0.26,6.5,4,32,2016
25,3.9,0.7,5.6,4,32,2017
19,1.6,0.05,5.5,4,32,2018
37,6.5,0.05,8,4,32,2019
10,6.4,0.43,7,4,32,2020
8,5,0.14,7.6,4,32,2021
18,2,0.58,2.8,4,32,2022
12,5.6,0.6,7.3,4,32,2023
13,1.6,0.49,3.7,4,32,2024
20,11.1,0.45,2.4,4,33,2000
23,5.8,0.01,7.6,4,33,2001
17,5.5,0.33,5,4,33,2002
33,6.3,0.77,4,4,33,2003
13,6.3,0.62,2.2,4,33,2004
18,3.3,0.68,7.9,4,33,2005
18,4.8,0.4,2.1,4,33,2006
22,3.5,0.69,3.4,4,33,2007
16,8.3,0.74,2.9,4,33,2008
13,5.9,0.56,4.1,4,33,2009
21,2.3,0.35,3.2,4,33,2010
9,2.9,0.56,5.6,4,33,2011
21,1.1,0.04,6.9,4,33,2012
18,7.5,0.67,3.4,4,33,2013
21,5.5,0.48,4,4,33,2014
19,6.1,0.78,4.1,4,33,2015
14,3.4,0.8,6.5,4,33,2016
26,6.2,0.25,5.6,4,33,2017
17,8.2,0.71,5.5,4,33,2018
22,3,0.7,8,4,33,2019
28,9.9,0.69,7,4,33,2020
12,6,0.13,7.6,4,33,2021
25,3.9,0.57,2.8,4,33,2022
15,7.8,0.47,7.3,4,33,2023
24,6.9,0.44,3.7,4,33,2024
31,2.3,0.68,2.4,1,34,2000
37,0.7,0.12,7.6,1,34,2001
10,2.8,0.4,5,1,34,2002
35,9,0.47,4,1,34,2003
20,0.7,0.45,2.2,1,34,2004
8,0.5,0.76,7.9,1,34,2005
14,2.7,0.6,2.1,1,34,2006
10,1.7,0.41,3.4,1,34,2007
19,4.4,0.34,2.9,1,34,2008
22,5.7,0.1,4.1,1,34,2009
15,3.7,0.15,3.2,1,34,2010
9,11.6,0.75,5.6,1,34,2011
16,2.3,0.19,6.9,1,34,2012
48,9.5,0.12,3.4,1,34,2013
15,6.2,0.45,4,1,34,2014
23,3.6,0.33,4.1,1,34,2015
25,3.6,0.12,6.5,1,34,2016
28,10.9,0.52,5.6,1,34,2017
11,0.2,0.37,5.5,1,34,2018
25,5.7,0.72,8,1,34,2019
17,0.9,0.73,7,1,34,2020
21,6.9,0.34,7.6,1,34,2021
16,6.9,0.74,2.8,1,34,2022
18,7,0.07,7.3,1,34,2023
18,1.1,0.16,3.7,1,34,2024
16,1.7,0.23,2.4,2,35,2000
9,0.4,0.27,7.6,2,35,2001
19,6.5,0.54,5,2,35,2002
39,7.8,0.69,4,2,35,2003
24,5.1,0.62,2.2,2,35,2004
15,0,0.11,7.9,2,35,2005
21,6.1,0.76,2.1,2,35,2006
27,4.3,0.12,3.4,2,35,2007
15,7.6,0.47,2.9,2,35,2008
31,7,0.31,4.1,2,35,2009
23,1.4,0.58,3.2,2,35,2010
15,3,0.23,5.6,2,35,2011
12,3.3,0.71,6.9,2,35,2012
17,3.3,0.09,3.4,2,35,2013
41,3.7,0.46,4,2,35,2014
11,7.6,0.15,4.1,2,35,2015
15,1,0.57,6.5,2,35,2016
31,3.7,0.46,5.6,2,35,2017
33,11.9,0.59,5.5,2,35,2018
28,2.3,0.24,8,2,35,2019
18,1.7,0.7,7,2,35,2020
11,3.4,0.76,7.6,2,35,2021
29,6.8,0.8,2.8,2,35,2022
18,5.1,0.22,7.3,2,35,2023
12,0,0.13,3.7,2,35,2024
19,7.2,0.7,2.4,2,36,2000
22,1.3,0.71,7.6,2,36,2001
18,6.3,0.05,5,2,36,2002
36,8.5,0.78,4,2,36,2003
17,4.3,0.38,2.2,2,36,2004
13,7.9,0.23,7.9,2,36,2005
24,5.9,0.55,2.1,2,36,2006
17,0.7,0.03,3.4,2,36,2007
17,3.4,0.46,2.9,2,36,2008
24,6.7,0.55,4.1,2,36,2009
20,3.7,0.03,3.2,2,36,2010
13,4.4,0.39,5.6,2,36,2011
21,6,0.22,6.9,2,36,2012
19,6.4,0.68,3.4,2,36,2013
16,7.9,0.55,4,2,36,2014
32,8,0.57,4.1,2,36,2015
16,6.8,0.65,6.5,2,36,2016
23,7.3,0.71,5.6,2,36,2017
14,1,0.3,5.5,2,36,2018
25,3.9,0.61,8,2,36,2019
10,6.4,0.41,7,2,36,2020
13,9.8,0.56,7.6,2,36,2021
23,8,0.64,2.8,2,36,2022
27,4,0.41,7.3,2,36,2023
21,5.8,0.25,3.7,2,36,2024
31,7.1,0.52,2.4,5,37,2000
13,3.4,0.54,7.6,5,37,2001
23,2.1,0.04,5,5,37,2002
25,3.4,0.45,4,5,37,2003
24,7.1,0.28,2.2,5,37,2004
16,8.6,0.05,7.9,5,37,2005
25,9.4,0.77,2.1,5,37,2006
18,6.5,0.31,3.4,5,37,2007
30,6.1,0.45,2.9,5,37,2008
18,7.4,0.2,4.1,5,37,2009
30,5.5,0.05,3.2,5,37,2010
19,7.6,0.04,5.6,5,37,2011
31,9,0.29,6.9,5,37,2012
16,6.6,0.29,3.4,5,37,2013
38,3.3,0.09,4,5,37,2014
18,6.3,0.19,4.1,5,37,2015
34,7.8,0.41,6.5,5,37,2016
33,4.6,0.14,5.6,5,37,2017
22,7.6,0.22,5.5,5,37,2018
36,5.6,0.11,8,5,37,2019
13,4.1,0.73,7,5,37,2020
17,11.5,0.43,7.6,5,37,2021
16,2.2,0.67,2.8,5,37,2022
20,3.8,0.13,7.3,5,37,2023
11,4.6,0.25,3.7,5,37,2024
26,9.9,0.38,2.4,2,38,2000
36,9.5,0.53,7.6,2,38,2001
43,11.2,0.27,5,2,38,2002
34,0,0.26,4,2,38,2003
11,7,0.8,2.2,2,38,2004
23,7.3,0.49,7.9,2,38,2005
23,2.7,0.07,2.1,2,38,2006
21,4.2,0.42,3.4,2,38,2007
25,5.5,0.24,2.9,2,38,2008
30,3.4,0.15,4.1,2,38,2009
11,2.7,0.36,3.2,2,38,2010
7,6.3,0.45,5.6,2,38,2011
20,7.5,0.74,6.9,2,38,2012
42,4.3,0.4,3.4,2,38,2013
28,3.5,0.44,4,2,38,2014
23,2.6,0.06,4.1,2,38,2015
17,0.3,0.62,6.5,2,38,2016
26,4.5,0.36,5.6,2,38,2017
23,5.1,0.33,5.5,2,38,2018
39,4.9,0.43,8,2,38,2019
18,7.1,0.14,7,2,38,2020
8,4.9,0.79,7.6,2,38,2021
28,3,0.32,2.8,2,38,2022
15,0,0.75,7.3,2,38,2023
21,4.2,0.15,3.7,2,38,2024
23,1.6,0.7,2.4,2,39,2000
19,2.2,0.38,7.6,2,39,2001
23,0,0.75,5,2,39,2002
23,2.7,0.41,4,2,39,2003
18,9.1,0.71,2.2,2,39,2004
18,0,0.58,7.9,2,39,2005
44,12,0.09,2.1,2,39,2006
24,7.1,0.32,3.4,2,39,2007
14,3.7,0.45,2.9,2,39,2008
25,8.6,0.42,4.1,2,39,2009
22,8.8,0.76,3.2,2,39,2010
14,8.6,0.64,5.6,2,39,2011
15,11.1,0.66,6.9,2,39,2012
15,5.1,0.31,3.4,2,39,2013
26,3.4,0.62,4,2,39,2014
26,2.5,0.62,4.1,2,39,2015
28,5.7,0.24,6.5,2,39,2016
26,7.8,0.36,5.6,2,39,2017
18,6.7,0.3,5.5,2,39,2018
34,7.8,0.52,8,2,39,2019
27,11.4,0.61,7,2,39,2020
14,4.7,0.6,7.6,2,39,2021
34,9,0.34,2.8,2,39,2022
27,14,0.41,7.3,2,39,2023
17,5.9,0.38,3.7,2,39,2024
30,7.5,0.16,2.4,5,40,2000
19,1.5,0.04,7.6,5,40,2001
8,1.1,0.27,5,5,40,2002
41,3.9,0.52,4,5,40,2003
21,9.8,0.7,2.2,5,40,2004
27,8,0.13,7.9,5,40,2005
31,6.4,0.79,2.1,5,40,2006
19,2.1,0.41,3.4,5,40,2007
20,1.8,0.19,2.9,5,40,2008
16,4.5,0.65,4.1,5,40,2009
17,1,0.33,3.2,5,40,2010
21,9.9,0.4,5.6,5,40,2011
15,1,0.62,6.9,5,40,2012
26,5.6,0.35,3.4,5,40,2013
14,1.8,0.66,4,5,40,2014
33,0.2,0.15,4.1,5,40,2015
10,2.2,0.1,6.5,5,40,2016
15,4.8,0.08,5.6,5,40,2017
10,1.9,0.66,5.5,5,40,2018
16,2.2,0.71,8,5,40,2019
26,5.9,0.09,7,5,40,2020
13,11.8,0.11,7.6,5,40,2021
11,3.2,0.69,2.8,5,40,2022
36,8.3,0.27,7.3,5,40,2023
19,5.1,0.42,3.7,5,40,2024
12,3.5,0.8,2.4,4,41,2000
17,5.4,0.02,7.6,4,41,2001
16,1.9,0.65,5,4,41,2002
30,1.1,0.43,4,4,41,2003
15,5.9,0.56,2.2,4,41,2004
25,6.7,0.7,7.9,4,41,2005
39,12.2,0.46,2.1,4,41,2006
26,4.6,0.75,3.4,4,41,2007
18,11.1,0.45,2.9,4,41,2008
15,1.6,0.54,4.1,4,41,2009
44,9.4,0.28,3.2,4,41,2010
8,0,0.29,5.6,4,41,2011
19,3.4,0.48,6.9,4,41,2012
23,3.8,0.39,3.4,4,41,2013
24,0.7,0.46,4,4,41,2014
14,1.2,0.61,4.1,4,41,2015
9,2.9,0.39,6.5,4,41,2016
14,1.7,0.39,5.6,4,41,2017
15,10.3,0.11,5.5,4,41,2018
26,7.4,0.5,8,4,41,2019
20,6.3,0.2,7,4,41,2020
8,2.4,0.15,7.6,4,41,2021
37,6.1,0.7,2.8,4,41,2022
14,3.4,0.32,7.3,4,41,2023
15,3.3,0.74,3.7,4,41,2024
27,7.4,0.01,2.4,1,42,2000
14,4.7,0.09,7.6,1,42,2001
20,3.5,0.37,5,1,42,2002
20,4.1,0.49,4,1,42,2003
16,2.7,0.68,2.2,1,42,2004
20,3.8,0.21,7.9,1,42,2005
18,6.2,0.62,2.1,1,42,2006
28,0,0.43,3.4,1,42,2007
34,5.3,0.08,2.9,1,42,2008
32,9.3,0.1,4.1,1,42,2009
36,7.2,0.5,3.2,1,42,2010
6,3.1,0.69,5.6,1,42,2011
29,2.4,0.29,6.9,1,42,2012
11,1.8,0.73,3.4,1,42,2013
28,7.1,0.13,4,1,42,2014
24,3.2,0.09,4.1,1,42,2015
7,1.7,0.63,6.5,1,42,2016
12,7.1,0.61,5.6,1,42,2017
14,5.5,0.71,5.5,1,42,2018
22,0,0.7,8,1,42,2019
19,7,0.71,7,1,42,2020
9,4,0.44,7.6,1,42,2021
22,5.9,0.33,2.8,1,42,2022
8,5.1,0.3,7.3,1,42,2023
21,7.2,0.25,3.7,1,42,2024
24,4.2,0.57,2.4,1,43,2000
17,6.6,0.21,7.6,1,43,2001
24,8.4,0.3,5,1,43,2002
28,4.8,0.32,4,1,43,2003
15,4.8,0.42,2.2,1,43,2004
24,8.6,0.43,7.9,1,43,2005
16,1.1,0.79,2.1,1,43,2006
54,11.7,0.37,3.4,1,43,2007
19,5.9,0.27,2.9,1,43,2008
16,9.6,0.63,4.1,1,43,2009
16,3.4,0.54,3.2,1,43,2010
24,8.7,0.3,5.6,1,43,2011
16,5.7,0.31,6.9,1,43,2012
29,5.8,0.12,3.4,1,43,2013
25,4.3,0.52,4,1,43,2014
16,6.8,0.62,4.1,1,43,2015
14,5.9,0.51,6.5,1,43,2016
23,8.8,0.29,5.6,1,43,2017
12,5.8,0.78,5.5,1,43,2018
29,7.7,0.71,8,1,43,2019
16,5.7,0.15,7,1,43,2020
18,11.1,0.42,7.6,1,43,2021
24,8,0.51,2.8,1,43,2022
10,2.6,0.62,7.3,1,43,2023
25,5.8,0.55,3.7,1,43,2024
16,3.8,0.04,2.4,3,44,2000
32,8.3,0.37,7.6,3,44,2001
13,4,0.56,5,3,44,2002
56,7.2,0.23,4,3,44,2003
9,0,0.18,2.2,3,44,2004
23,7.4,0.22,7.9,3,44,2005
35,2.5,0.54,2.1,3,44,2006
24,0,0.45,3.4,3,44,2007
21,4.5,0.54,2.9,3,44,2008
21,5.4,0.36,4.1,3,44,2009
16,5.6,0.32,3.2,3,44,2010
15,5.4,0.26,5.6,3,44,2011
18,3.4,0.1,6.9,3,44,2012
18,5.6,0.78,3.4,3,44,2013
21,4.8,0.08,4,3,44,2014
18,3,0.76,4.1,3,44,2015
17,4.5,0.52,6.5,3,44,2016
30,0,0,5.6,3,44,2017
38,5.7,0.01,5.5,3,44,2018
24,8.9,0.34,8,3,44,2019
30,5.9,0.24,7,3,44,2020
12,4.2,0.21,7.6,3,44,2021
22,4.1,0.41,2.8,3,44,2022
9,1.1,0.13,7.3,3,44,2023
12,9,0.11,3.7,3,44,2024
28,0,0.4,2.4,5,45,2000
22,7.9,0.52,7.6,5,45,2001
14,6.7,0.48,5,5,45,2002
41,9.9,0.42,4,5,45,2003
34,11.4,0.31,2.2,5,45,2004
12,3.3,0.43,7.9,5,45,2005
31,1.1,0.36,2.1,5,45,2006
33,5.8,0.46,3.4,5,45,2007
22,5,0.29,2.9,5,45,2008
21,8,0.48,4.1,5,45,2009
20,2.9,0.57,3.2,5,45,2010
13,7.7,0.11,5.6,5,45,2011
18,3.5,0.02,6.9,5,45,2012
19,3.8,0.18,3.4,5,45,2013
35,4.4,0.15,4,5,45,2014
16,0.2,0.46,4.1,5,45,2015
25,0,0.63,6.5,5,45,2016
38,5.5,0.15,5.6,5,45,2017
16,6.3,0.22,5.5,5,45,2018
28,8,0.2,8,5,45,2019
17,2.9,0.64,7,5,45,2020
13,10.3,0.23,7.6,5,45,2021
27,5.7,0.72,2.8,5,45,2022
15,3.8,0.09,7.3,5,45,2023
13,5.1,0.24,3.7,5,45,2024
13,1.7,0.76,2.4,3,46,2000
15,5.7,0.74,7.6,3,46,2001
14,1.8,0.29,5,3,46,2002
36,3.8,0.33,4,3,46,2003
18,3.9,0.65,2.2,3,46,2004
14,7.2,0.07,7.9,3,46,2005
18,0.5,0.14,2.1,3,46,2006
11,3.2,0.75,3.4,3,46,2007
17,4.4,0.68,2.9,3,46,2008
11,3.6,0.68,4.1,3,46,2009
45,9.7,0.08,3.2,3,46,2010
15,6.9,0.77,5.6,3,46,2011
23,4.7,0.18,6.9,3,46,2012
31,7.1,0.46,3.4,3,46,2013
26,5.3,0.37,4,3,46,2014
25,2.8,0.71,4.1,3,46,2015
15,4.5,0.34,6.5,3,46,2016
32,10.4,0.19,5.6,3,46,2017
19,7.8,0.69,5.5,3,46,2018
22,5.4,0.61,8,3,46,2019
25,8.8,0.3,7,3,46,2020
16,6.4,0.06,7.6,3,46,2021
21,2.8,0.49,2.8,3,46,2022
28,7.3,0.48,7.3,3,46,2023
29,4.2,0.18,3.7,3,46,2024
46,7.2,0.05,2.4,4,47,2000
20,7.5,0.3,7.6,4,47,2001
15,2.9,0.79,5,4,47,2002
33,6.8,0.18,4,4,47,2003
13,5,0.69,2.2,4,47,2004
16,4.2,0.37,7.9,4,47,2005
44,8.7,0.16,2.1,4,47,2006
25,2.6,0.17,3.4,4,47,2007
12,1,0.78,2.9,4,47,2008
22,2.5,0.55,4.1,4,47,2009
19,0,0.05,3.2,4,47,2010
16,8.4,0.13,5.6,4,47,2011
14,5,0.42,6.9,4,47,2012
26,9.4,0.7,3.4,4,47,2013
35,9.4,0.26,4,4,47,2014
41,6.7,0.6,4.1,4,47,2015
12,5.5,0.42,6.5,4,47,2016
30,3.5,0.4,5.6,4,47,2017
35,14.7,0.12,5.5,4,47,2018
31,6.9,0.01,8,4,47,2019
21,6.6,0.71,7,4,47,2020
10,4.4,0.59,7.6,4,47,2021
18,5.8,0.48,2.8,4,47,2022
10,2.4,0.13,7.3,4,47,2023
16,4.4,0.08,3.7,4,47,2024
31,8.9,0.75,2.4,1,48,2000
25,7,0.19,7.6,1,48,2001
13,3.5,0.08,5,1,48,2002
23,4.2,0.37,4,1,48,2003
21,6.7,0.22,2.2,1,48,2004
17,9,0.61,7.9,1,48,2005
36,4.4,0.14,2.1,1,48,2006
21,5.4,0.56,3.4,1,48,2007
11,0.3,0.33,2.9,1,48,2008
20,7.2,0,4.1,1,48,2009
19,6.2,0.17,3.2,1,48,2010
13,5.5,0.13,5.6,1,48,2011
18,3.6,0.29,6.9,1,48,2012
20,3.5,0.03,3.4,1,48,2013
73,9.6,0.38,4,1,48,2014
15,2.9,0.64,4.1,1,48,2015
15,0,0.57,6.5,1,48,2016
18,0.2,0.27,5.6,1,48,2017
11,0.3,0.56,5.5,1,48,2018
38,6.8,0.38,8,1,48,2019
30,7.7,0.36,7,1,48,2020
7,3.7,0.74,7.6,1,48,2021
23,9,0.59,2.8,1,48,2022
20,5.3,0.34,7.3,1,48,2023
11,0.7,0.05,3.7,1,48,2024
14,4.7,0.48,2.4,3,49,2000
24,3.3,0.58,7.6,3,49,2001
15,2.8,0.61,5,3,49,2002
26,3.3,0.8,4,3,49,2003
23,8.2,0.24,2.2,3,49,2004
23,4.9,0.39,7.9,3,49,2005
28,3.6,0.79,2.1,3,49,2006
14,2.6,0.45,3.4,3,49,2007
21,5.6,0.14,2.9,3,49,2008
31,6.9,0.46,4.1,3,49,2009
26,5.5,0.79,3.2,3,49,2010
20,7.4,0.21,5.6,3,49,2011
11,6.8,0.78,6.9,3,49,2012
28,10.5,0.55,3.4,3,49,2013
37,9.4,0.47,4,3,49,2014
20,3.9,0.61,4.1,3,49,2015
7,0.9,0.72,6.5,3,49,2016
43,9,0.16,5.6,3,49,2017
27,7.5,0.11,5.5,3,49,2018
28,12.2,0.25,8,3,49,2019
22,6,0.31,7,3,49,2020
13,6.4,0.6,7.6,3,49,2021
21,5,0.2,2.8,3,49,2022
16,2.8,0.4,7.3,3,49,2023
16,7.2,0.52,3.7,3,49,2024
24,6.5,0.51,2.4,3,50,2000
14,5.1,0.52,7.6,3,50,2001
9,1.5,0.35,5,3,50,2002
32,4.1,0.32,4,3,50,2003
24,6.3,0.07,2.2,3,50,2004
18,4.4,0.4,7.9,3,50,2005
26,5.3,0.53,2.1,3,50,2006
13,6.5,0.24,3.4,3,50,2007
12,5.9,0.51,2.9,3,50,2008
24,1.8,0.55,4.1,3,50,2009
27,5.8,0.29,3.2,3,50,2010
8,9.8,0.52,5.6,3,50,2011
17,1.8,0.44,6.9,3,50,2012
24,4.1,0.57,3.4,3,50,2013
29,7,0.46,4,3,50,2014
20,4.4,0.28,4.1,3,50,2015
13,4.8,0.49,6.5,3,50,2016
24,5.2,0.4,5.6,3,50,2017
9,1.2,0.23,5.5,3,50,2018
30,3.8,0.39,8,3,50,2019
15,4.8,0.63,7,3,50,2020
13,3.9,0.32,7.6,3,50,2021
14,0,0.67,2.8,3,50,2022
11,1.8,0.09,7.3,3,50,2023
17,3.9,0.77,3.7,3,50,2024
25,2.5,0.34,2.4,2,51,2000
32,10.4,0.01,7.6,2,51,2001
18,6.1,0.12,5,2,51,2002
22,0.5,0.77,4,2,51,2003
12,2.4,0.51,2.2,2,51,2004
9,0.4,0.41,7.9,2,51,2005
22,0.3,0.43,2.1,2,51,2006
21,4.9,0.09,3.4,2,51,2007
33,5,0.4,2.9,2,51,2008
16,9.4,0.37,4.1,2,51,2009
20,8.3,0.59,3.2,2,51,2010
11,2.2,0.24,5.6,2,51,2011
19,7.2,0.75,6.9,2,51,2012
30,0,0.19,3.4,2,51,2013
38,7.9,0.58,4,2,51,2014
30,11,0.4,4.1,2,51,2015
21,5.5,0.65,6.5,2,51,2016
37,8.6,0.49,5.6,2,51,2017
24,5.6,0.32,5.5,2,51,2018
15,3.7,0.59,8,2,51,2019
19,4.4,0.28,7,2,51,2020
13,5.7,0.09,7.6,2,51,2021
25,0,0.02,2.8,2,51,2022
20,7.9,0.59,7.3,2,51,2023
12,0.1,0.66,3.7,2,51,2024
18,5.7,0.57,2.4,3,52,2000
28,4.5,0.7,7.6,3,52,2001
16,4.3,0.55,5,3,52,2002
24,4.6,0.22,4,3,52,2003
24,11.3,0.2,2.2,3,52,2004
20,4.5,0.27,7.9,3,52,2005
25,4.2,0.08,2.1,3,52,2006
34,0.3,0.16,3.4,3,52,2007
23,9,0.7,2.9,3,52,2008
31,7.3,0.55,4.1,3,52,2009
20,10.1,0.74,3.2,3,52,2010
11,6.1,0.78,5.6,3,52,2011
9,3.5,0.72,6.9,3,52,2012
10,5.4,0.7,3.4,3,52,2013
43,5.3,0.45,4,3,52,2014
35,8.5,0.05,4.1,3,52,2015
17,0.3,0.45,6.5,3,52,2016
27,5.1,0.11,5.6,3,52,2017
23,7.9,0.48,5.5,3,52,2018
13,0.5,0.49,8,3,52,2019
24,8.9,0.71,7,3,52,2020
9,0,0.02,7.6,3,52,2021
18,3.6,0.01,2.8,3,52,2022
14,1.7,0.32,7.3,3,52,2023
24,5.8,0.51,3.7,3,52,2024
13,3.7,0.49,2.4,4,53,2000
14,4.8,0.02,7.6,4,53,2001
11,5.2,0.39,5,4,53,2002
39,3.9,0.71,4,4,53,2003
18,1.9,0.03,2.2,4,53,2004
20,2.7,0.33,7.9,4,53,2005
46,5.9,0.76,2.1,4,53,2006
8,0.7,0.75,3.4,4,53,2007
22,9.4,0.01,2.9,4,53,2008
21,6.6,0.77,4.1,4,53,2009
38,8.6,0.4,3.2,4,53,2010
10,3,0.1,5.6,4,53,2011
14,0,0.58,6.9,4,53,2012
16,3.7,0.38,3.4,4,53,2013
39,8.2,0.05,4,4,53,2014
26,6.2,0.42,4.1,4,53,2015
13,7.4,0.68,6.5,4,53,2016
23,10.2,0.34,5.6,4,53,2017
15,1.4,0.72,5.5,4,53,2018
19,2,0.72,8,4,53,2019
57,7.2,0.59,7,4,53,2020
18,5.8,0.47,7.6,4,53,2021
22,10.6,0.39,2.8,4,53,2022
10,5.3,0.65,7.3,4,53,2023
19,7.8,0.42,3.7,4,53,2024
20,6.1,0.76,2.4,2,54,2000
22,7.5,0.14,7.6,2,54,2001
8,2.8,0.46,5,2,54,2002
51,9.9,0.64,4,2,54,2003
12,1,0.41,2.2,2,54,2004
21,7.1,0.31,7.9,2,54,2005
28,1.2,0.33,2.1,2,54,2006
22,5.4,0.61,3.4,2,54,2007
14,0.1,0.51,2.9,2,54,2008
13,3.1,0.12,4.1,2,54,2009
21,6.6,0.09,3.2,2,54,2010
13,4.1,0.36,5.6,2,54,2011
15,6.5,0.31,6.9,2,54,2012
37,4.9,0,3.4,2,54,2013
20,0.8,0.52,4,2,54,2014
15,1.9,0.64,4.1,2,54,2015
17,10.2,0.43,6.5,2,54,2016
34,16,0.5,5.6,2,54,2017
13,5.2,0.38,5.5,2,54,2018
32,3.3,0.23,8,2,54,2019
8,2.8,0.18,7,2,54,2020
10,2.9,0.36,7.6,2,54,2021
53,6.8,0.09,2.8,2,54,2022
31,10,0.6,7.3,2,54,2023
19,3.8,0.49,3.7,2,54,2024
19,5.8,0.46,2.4,4,55,2000
15,1,0.14,7.6,4,55,2001
17,1.6,0.74,5,4,55,2002
16,2.7,0.53,4,4,55,2003
23,3.7,0.03,2.2,4,55,2004
30,3.4,0.33,7.9,4,55,2005
12,0.6,0.7,2.1,4,55,2006
23,6.2,0.27,3.4,4,55,2007
5,0.8,0.12,2.9,4,55,2008
19,0,0.05,4.1,4,55,2009
14,5.4,0.75,3.2,4,55,2010
18,5.5,0.12,5.6,4,55,2011
9,2.6,0.12,6.9,4,55,2012
17,4.4,0.16,3.4,4,55,2013
23,0,0.19,4,4,55,2014
14,6,0.79,4.1,4,55,2015
22,4.1,0.6,6.5,4,55,2016
20,0.1,0.51,5.6,4,55,2017
22,5,0.09,5.5,4,55,2018
23,4.1,0.05,8,4,55,2019
16,2.9,0.27,7,4,55,2020
8,3.7,0.23,7.6,4,55,2021
26,5.2,0.38,2.8,4,55,2022
19,3.7,0.34,7.3,4,55,2023
15,11.1,0.69,3.7,4,55,2024
20,0.1,0.49,2.4,4,56,2000
49,7.4,0.05,7.6,4,56,2001
25,8.1,0.63,5,4,56,2002
26,2.9,0.65,4,4,56,2003
18,1.6,0.54,2.2,4,56,2004
22,1.7,0.61,7.9,4,56,2005
49,9.1,0.02,2.1,4,56,2006
59,8,0.3,3.4,4,56,2007
35,6.7,0.04,2.9,4,56,2008
25,4.6,0.25,4.1,4,56,2009
26,5.5,0.77,3.2,4,56,2010
12,5.7,0.33,5.6,4,56,2011
21,5.1,0.4,6.9,4,56,2012
33,8.3,0.02,3.4,4,56,2013
51,3.2,0.65,4,4,56,2014
16,0,0.06,4.1,4,56,2015
20,6.1,0.76,6.5,4,56,2016
32,9.5,0.47,5.6,4,56,2017
13,0,0.62,5.5,4,56,2018
24,12.8,0.46,8,4,56,2019
27,5.9,0.05,7,4,56,2020
12,0.7,0.26,7.6,4,56,2021
25,4.9,0.07,2.8,4,56,2022
14,5.6,0.7,7.3,4,56,2023
12,5.4,0.26,3.7,4,56,2024
18,2.1,0.17,2.4,4,57,2000
22,7.2,0.36,7.6,4,57,2001
13,9.9,0.42,5,4,57,2002
47,6.9,0.26,4,4,57,2003
28,2.5,0.36,2.2,4,57,2004
26,9.8,0.38,7.9,4,57,2005
15,5.3,0.31,2.1,4,57,2006
43,8.4,0.33,3.4,4,57,2007
22,7.6,0.35,2.9,4,57,2008
23,11.7,0.79,4.1,4,57,2009
29,8.6,0.37,3.2,4,57,2010
14,7.1,0.3,5.6,4,57,2011
23,7.5,0.44,6.9,4,57,2012
23,2.3,0.63,3.4,4,57,2013
29,3.3,0.79,4,4,57,2014
22,6.3,0.28,4.1,4,57,2015
20,8.6,0.5,6.5,4,57,2016
62,11,0.31,5.6,4,57,2017
42,5.2,0.02,5.5,4,57,2018
16,1.1,0.23,8,4,57,2019
23,1.7,0.69,7,4,57,2020
19,6.7,0.27,7.6,4,57,2021
40,7.1,0.2,2.8,4,57,2022
24,2.5,0.6,7.3,4,57,2023
18,6.8,0.02,3.7,4,57,2024
24,4,0.35,2.4,3,58,2000
18,4.2,0.49,7.6,3,58,2001
11,4.4,0.64,5,3,58,2002
55,7.8,0.27,4,3,58,2003
21,4.2,0.27,2.2,3,58,2004
18,6.2,0.08,7.9,3,58,2005
31,7.3,0.71,2.1,3,58,2006
14,8.1,0.78,3.4,3,58,2007
14,7.1,0.78,2.9,3,58,2008
16,3.5,0.36,4.1,3,58,2009
11,6.9,0.61,3.2,3,58,2010
7,4.2,0.08,5.6,3,58,2011
15,3.4,0.27,6.9,3,58,2012
25,8.2,0.37,3.4,3,58,2013
23,4.2,0.14,4,3,58,2014
42,11.2,0.57,4.1,3,58,2015
15,10.8,0.54,6.5,3,58,2016
24,4.5,0.15,5.6,3,58,2017
23,8.9,0.4,5.5,3,58,2018
25,0,0.39,8,3,58,2019
14,7.4,0.45,7,3,58,2020
10,3.8,0.35,7.6,3,58,2021
23,3.3,0.19,2.8,3,58,2022
13,0,0.23,7.3,3,58,2023
12,5.4,0.05,3.7,3,58,2024
10,3.1,0.69,2.4,5,59,2000
20,6.6,0.55,7.6,5,59,2001
13,3.2,0.5,5,5,59,2002
24,4.4,0.66,4,5,59,2003
25,0.6,0.28,2.2,5,59,2004
40,4.8,0.28,7.9,5,59,2005
40,1.1,0.72,2.1,5,59,2006
17,3.6,0.72,3.4,5,59,2007
23,3.4,0.06,2.9,5,59,2008
20,3.7,0.67,4.1,5,59,2009
14,5.4,0.78,3.2,5,59,2010
10,9.2,0.42,5.6,5,59,2011
10,1.5,0.58,6.9,5,59,2012
22,4.4,0.37,3.4,5,59,2013
22,5,0.05,4,5,59,2014
12,5.9,0.6,4.1,5,59,2015
23,9.9,0.06,6.5,5,59,2016
28,3.9,0.3,5.6,5,59,2017
16,5,0.52,5.5,5,59,2018
20,5.3,0.58,8,5,59,2019
22,10.1,0.04,7,5,59,2020
17,3,0.76,7.6,5,59,2021
34,4.1,0.67,2.8,5,59,2022
12,4.4,0.32,7.3,5,59,2023
12,3.9,0.56,3.7,5,59,2024
30,6.1,0.32,2.4,2,60,2000
23,1,0.46,7.6,2,60,2001
14,3,0.07,5,2,60,2002
25,1.6,0.2,4,2,60,2003
14,0,0.27,2.2,2,60,2004
19,7.3,0.08,7.9,2,60,2005
16,4.5,0.34,2.1,2,60,2006
23,2.5,0.05,3.4,2,60,2007
18,6.9,0.57,2.9,2,60,2008
11,3,0.65,4.1,2,60,2009
17,7.4,0.46,3.2,2,60,2010
12,1.3,0.09,5.6,2,60,2011
16,6,0.44,6.9,2,60,2012
22,4.7,0.27,3.4,2,60,2013
30,2.4,0.34,4,2,60,2014
18,3.9,0.57,4.1,2,60,2015
17,0,0,6.5,2,60,2016
25,6.1,0.61,5.6,2,60,2017
11,4.9,0.67,5.5,2,60,2018
44,9.5,0.45,8,2,60,2019
23,7.6,0.23,7,2,60,2020
14,3.1,0.54,7.6,2,60,2021
19,3,0.65,2.8,2,60,2022
25,2.5,0.18,7.3,2,60,2023
12,3.2,0.18,3.7,2,60,2024
41,9.5,0.45,2.4,4,61,2000
16,5.1,0.56,7.6,4,61,2001
19,7.6,0.42,5,4,61,2002
24,0.3,0.48,4,4,61,2003
37,9.8,0.56,2.2,4,61,2004
14,5,0.36,7.9,4,61,2005
26,3.6,0.43,2.1,4,61,2006
24,2.5,0.14,3.4,4,61,2007
20,3.1,0.58,2.9,4,61,2008
10,2.6,0.32,4.1,4,61,2009
24,3,0.12,3.2,4,61,2010
11,3.7,0.75,5.6,4,61,2011
34,7.7,0.14,6.9,4,61,2012
20,9.9,0.35,3.4,4,61,2013
41,6.6,0.25,4,4,61,2014
25,2.6,0.22,4.1,4,61,2015
14,0,0.61,6.5,4,61,2016
48,7.7,0.39,5.6,4,61,2017
23,7.9,0.03,5.5,4,61,2018
29,0.3,0.38,8,4,61,2019
17,5.5,0.38,7,4,61,2020
15,4.4,0.24,7.6,4,61,2021
27,5.7,0.11,2.8,4,61,2022
15,10.3,0.07,7.3,4,61,2023
20,9.7,0.48,3.7,4,61,2024
43,6.5,0.62,2.4,3,62,2000
15,4.9,0.75,7.6,3,62,2001
18,9.3,0.25,5,3,62,2002
61,8.3,0.08,4,3,62,2003
24,2,0.74,2.2,3,62,2004
18,4.3,0.78,7.9,3,62,2005
23,3.5,0.39,2.1,3,62,2006
20,5.8,0.78,3.4,3,62,2007
14,0.9,0.71,2.9,3,62,2008
14,3.5,0.69,4.1,3,62,2009
25,3.4,0.77,3.2,3,62,2010
16,0,0.48,5.6,3,62,2011
22,5.6,0.19,6.9,3,62,2012
18,4.1,0.21,3.4,3,62,2013
15,0,0.49,4,3,62,2014
32,4.6,0.19,4.1,3,62,2015
25,5.2,0.06,6.5,3,62,2016
18,5.6,0.49,5.6,3,62,2017
14,4.3,0.8,5.5,3,62,2018
23,1.9,0.22,8,3,62,2019
24,9.1,0,7,3,62,2020
10,7.1,0.47,7.6,3,62,2021
22,4.5,0.75,2.8,3,62,2022
26,8.7,0.33,7.3,3,62,2023
11,2.5,0.24,3.7,3,62,2024
22,4.4,0.21,2.4,5,63,2000
45,9.1,0.13,7.6,5,63,2001
13,5.6,0.3,5,5,63,2002
19,6.3,0.4,4,5,63,2003
20,3.5,0.15,2.2,5,63,2004
13,7.8,0.64,7.9,5,63,2005
24,1.2,0.63,2.1,5,63,2006
18,2.2,0.05,3.4,5,63,2007
18,7.7,0.72,2.9,5,63,2008
20,4.1,0.17,4.1,5,63,2009
21,5.3,0.51,3.2,5,63,2010
15,7.6,0.34,5.6,5,63,2011
24,5.5,0.53,6.9,5,63,2012
15,5.1,0.17,3.4,5,63,2013
19,2.2,0.59,4,5,63,2014
23,9.5,0.45,4.1,5,63,2015
22,6.9,0.54,6.5,5,63,2016
14,6.7,0.3,5.6,5,63,2017
30,5.7,0.63,5.5,5,63,2018
24,13.7,0.64,8,5,63,2019
16,6.9,0.22,7,5,63,2020
11,4.4,0.25,7.6,5,63,2021
23,2.1,0.25,2.8,5,63,2022
26,5.3,0.08,7.3,5,63,2023
15,4.2,0.73,3.7,5,63,2024
18,0,0.75,2.4,2,64,2000
11,1,0.56,7.6,2,64,2001
13,5.3,0.46,5,2,64,2002
26,5.4,0.47,4,2,64,2003
14,2.6,0.08,2.2,2,64,2004
30,7.7,0.41,7.9,2,64,2005
26,9.6,0.64,2.1,2,64,2006
18,2.5,0.4,3.4,2,64,2007
19,1.9,0.59,2.9,2,64,2008
8,3.1,0.28,4.1,2,64,2009
29,4,0.67,3.2,2,64,2010
12,5.6,0.35,5.6,2,64,2011
19,3.7,0.57,6.9,2,64,2012
56,5.6,0.29,3.4,2,64,2013
27,3.1,0.2,4,2,64,2014
29,10,0.12,4.1,2,64,2015
32,9.7,0.63,6.5,2,64,2016
25,7,0.7,5.6,2,64,2017
16,2.4,0.37,5.5,2,64,2018
20,5.5,0.27,8,2,64,2019
19,7.3,0.34,7,2,64,2020
13,10.7,0.29,7.6,2,64,2021
11,5.5,0.65,2.8,2,64,2022
16,0,0.77,7.3,2,64,2023
10,1.3,0.25,3.7,2,64,2024
23,2.4,0.62,2.4,5,65,2000
21,8.4,0.6,7.6,5,65,2001
14,5.5,0.43,5,5,65,2002
33,8.8,0.76,4,5,65,2003
25,0.7,0.56,2.2,5,65,2004
17,3.5,0.23,7.9,5,65,2005
21,3.6,0.39,2.1,5,65,2006
20,4.5,0.21,3.4,5,65,2007
32,4.8,0.75,2.9,5,65,2008
17,5.8,0.32,4.1,5,65,2009
17,3.8,0.64,3.2,5,65,2010
6,2.4,0.39,5.6,5,65,2011
29,5.7,0.37,6.9,5,65,2012
18,6.5,0.51,3.4,5,65,2013
18,8.4,0.17,4,5,65,2014
19,7.4,0.69,4.1,5,65,2015
36,8.5,0.34,6.5,5,65,2016
19,5,0.77,5.6,5,65,2017
13,5.7,0.67,5.5,5,65,2018
24,4.6,0.38,8,5,65,2019
21,8.1,0.44,7,5,65,2020
9,1.3,0.24,7.6,5,65,2021
22,7.4,0.04,2.8,5,65,2022
22,1.6,0.06,7.3,5,65,2023
14,6.7,0.73,3.7,5,65,2024
21,0.4,0.68,2.4,1,66,2000
14,0,0.03,7.6,1,66,2001
7,0,0.78,5,1,66,2002
29,6.2,0.55,4,1,66,2003
17,3.6,0.26,2.2,1,66,2004
15,5.3,0.78,7.9,1,66,2005
19,4.9,0.69,2.1,1,66,2006
18,2.4,0.45,3.4,1,66,2007
12,2.1,0.26,2.9,1,66,2008
14,3.3,0.46,4.1,1,66,2009
16,2.1,0.61,3.2,1,66,2010
11,4.9,0.58,5.6,1,66,2011
34,8,0.18,6.9,1,66,2012
21,7,0.02,3.4,1,66,2013
27,10.4,0.38,4,1,66,2014
33,6.5,0.44,4.1,1,66,2015
22,3.8,0.13,6.5,1,66,2016
15,0,0.26,5.6,1,66,2017
22,6.9,0.51,5.5,1,66,2018
25,2.1,0.03,8,1,66,2019
14,5.6,0.36,7,1,66,2020
14,6.2,0.16,7.6,1,66,2021
21,6.6,0.7,2.8,1,66,2022
23,7.1,0.59,7.3,1,66,2023
14,1.8,0.54,3.7,1,66,2024
21,1.7,0.31,2.4,5,67,2000
21,6.9,0.36,7.6,5,67,2001
8,5.4,0.49,5,5,67,2002
47,4.4,0.48,4,5,67,2003
16,8.5,0.66,2.2,5,67,2004
8,1.3,0.45,7.9,5,67,2005
22,0,0.34,2.1,5,67,2006
20,5.7,0.54,3.4,5,67,2007
42,9.6,0.09,2.9,5,67,2008
14,5.4,0.35,4.1,5,67,2009
26,8.5,0.26,3.2,5,67,2010
10,7.4,0.08,5.6,5,67,2011
25,4.3,0.2,6.9,5,67,2012
19,5.9,0.66,3.4,5,67,2013
22,0,0.65,4,5,67,2014
23,2.6,0.76,4.1,5,67,2015
21,2.7,0.07,6.5,5,67,2016
27,7.2,0.53,5.6,5,67,2017
15,9.7,0.72,5.5,5,67,2018
18,4.4,0.33,8,5,67,2019
27,7.7,0.24,7,5,67,2020
28,8.2,0.19,7.6,5,67,2021
29,10.3,0.64,2.8,5,67,2022
14,4,0.02,7.3,5,67,2023
17,4.2,0.44,3.7,5,67,2024
11,4.5,0.53,2.4,3,68,2000
22,1.8,0.24,7.6,3,68,2001
12,5.5,0.18,5,3,68,2002
28,6.6,0.68,4,3,68,2003
43,7.3,0.36,2.2,3,68,2004
23,2.9,0.09,7.9,3,68,2005
20,3.6,0.32,2.1,3,68,2006
13,0,0.65,3.4,3,68,2007
25,7.5,0.6,2.9,3,68,2008
19,4.7,0.59,4.1,3,68,2009
16,9.5,0.15,3.2,3,68,2010
8,9.2,0.74,5.6,3,68,2011
28,6.8,0,6.9,3,68,2012
26,1.7,0.26,3.4,3,68,2013
19,0,0.77,4,3,68,2014
21,7.2,0.43,4.1,3,68,2015
21,7.6,0.54,6.5,3,68,2016
28,1.9,0.08,5.6,3,68,2017
23,6.4,0.16,5.5,3,68,2018
27,0,0.77,8,3,68,2019
23,11.4,0.54,7,3,68,2020
11,0,0.38,7.6,3,68,2021
18,3,0.49,2.8,3,68,2022
17,0,0.78,7.3,3,68,2023
10,0,0.59,3.7,3,68,2024
24,1.7,0.2,2.4,4,69,2000
22,1.4,0.08,7.6,4,69,2001
19,6.1,0.1,5,4,69,2002
43,8.8,0.04,4,4,69,2003
17,3.3,0.5,2.2,4,69,2004
14,2.6,0.67,7.9,4,69,2005
15,1.6,0.06,2.1,4,69,2006
30,10.5,0.43,3.4,4,69,2007
17,4.8,0.52,2.9,4,69,2008
29,7.1,0.36,4.1,4,69,2009
20,6.2,0.07,3.2,4,69,2010
8,3.7,0.6,5.6,4,69,2011
21,3.2,0.76,6.9,4,69,2012
24,7.2,0.3,3.4,4,69,2013
52,10.2,0.64,4,4,69,2014
20,12.7,0.46,4.1,4,69,2015
19,0.5,0.22,6.5,4,69,2016
10,0,0.69,5.6,4,69,2017
11,1.9,0.13,5.5,4,69,2018
17,7.3,0.49,8,4,69,2019
15,4.2,0.59,7,4,69,2020
16,0,0.41,7.6,4,69,2021
20,0.8,0.09,2.8,4,69,2022
12,4.6,0.78,7.3,4,69,2023
16,3.7,0.64,3.7,4,69,2024
25,3.5,0.38,2.4,1,70,2000
30,5.7,0.18,7.6,1,70,2001
20,7.2,0.43,5,1,70,2002
43,7.5,0.34,4,1,70,2003
26,2.2,0.42,2.2,1,70,2004
9,3.5,0.02,7.9,1,70,2005
18,5.2,0.66,2.1,1,70,2006
18,4,0.3,3.4,1,70,2007
18,3.1,0.03,2.9,1,70,2008
10,0,0.75,4.1,1,70,2009
57,7.2,0.02,3.2,1,70,2010
17,10,0.75,5.6,1,70,2011
39,11.8,0.75,6.9,1,70,2012
22,4.6,0.25,3.4,1,70,2013
41,4.9,0.26,4,1,70,2014
22,6.1,0.71,4.1,1,70,2015
21,7.1,0.76,6.5,1,70,2016
28,4.2,0.35,5.6,1,70,2017
23,10.6,0.59,5.5,1,70,2018
25,4.2,0.54,8,1,70,2019
22,7.2,0.27,7,1,70,2020
4,1.4,0.58,7.6,1,70,2021
24,3.9,0.73,2.8,1,70,2022
24,4.7,0.57,7.3,1,70,2023
8,1.9,0.77,3.7,1,70,2024
24,7.8,0.74,2.4,1,71,2000
14,2,0.47,7.6,1,71,2001
12,5.1,0.3,5,1,71,2002
17,3,0.34,4,1,71,2003
17,0.6,0.66,2.2,1,71,2004
15,3.6,0.69,7.9,1,71,2005
19,0.8,0.32,2.1,1,71,2006
32,8,0.22,3.4,1,71,2007
21,3.8,0.64,2.9,1,71,2008
19,3.2,0.64,4.1,1,71,2009
24,5.2,0.14,3.2,1,71,2010
10,6.5,0.56,5.6,1,71,2011
29,7.1,0.45,6.9,1,71,2012
21,2.7,0.62,3.4,1,71,2013
27,4.9,0.79,4,1,71,2014
21,4.8,0.11,4.1,1,71,2015
24,5.5,0.52,6.5,1,71,2016
26,7.3,0.69,5.6,1,71,2017
11,6,0.37,5.5,1,71,2018
19,2.3,0.55,8,1,71,2019
31,3.4,0.54,7,1,71,2020
14,1.3,0.65,7.6,1,71,2021
24,5.6,0.71,2.8,1,71,2022
11,8.1,0.74,7.3,1,71,2023
22,8.7,0.15,3.7,1,71,2024
32,5.3,0.41,2.4,1,72,2000
14,0.3,0.17,7.6,1,72,2001
20,5.2,0.31,5,1,72,2002
14,0.7,0.53,4,1,72,2003
19,10.5,0.78,2.2,1,72,2004
17,7.2,0.48,7.9,1,72,2005
26,6.9,0.07,2.1,1,72,2006
15,4.1,0.28,3.4,1,72,2007
33,3.6,0.16,2.9,1,72,2008
17,3.6,0.47,4.1,1,72,2009
23,7.2,0.7,3.2,1,72,2010
8,9.1,0.54,5.6,1,72,2011
19,6.9,0.56,6.9,1,72,2012
41,8.3,0.18,3.4,1,72,2013
34,6.3,0.28,4,1,72,2014
17,4.6,0.26,4.1,1,72,2015
19,6.6,0.65,6.5,1,72,2016
24,4.8,0.13,5.6,1,72,2017
12,7.4,0.76,5.5,1,72,2018
23,6.4,0.6,8,1,72,2019
8,0.9,0.07,7,1,72,2020
7,1.8,0.66,7.6,1,72,2021
25,3.8,0.43,2.8,1,72,2022
17,2.8,0.39,7.3,1,72,2023
27,4.4,0.53,3.7,1,72,2024
21,5.2,0.29,2.4,3,73,2000
21,5.9,0.34,7.6,3,73,2001
7,0.3,0.54,5,3,73,2002
46,3.3,0.65,4,3,73,2003
24,6,0.56,2.2,3,73,2004
27,7.8,0.62,7.9,3,73,2005
78,6.5,0.14,2.1,3,73,2006
17,4.6,0.51,3.4,3,73,2007
14,4.1,0.33,2.9,3,73,2008
23,5.1,0.06,4.1,3,73,2009
26,2.8,0.01,3.2,3,73,2010
11,5.9,0.77,5.6,3,73,2011
17,4.2,0.31,6.9,3,73,2012
41,6.3,0.01,3.4,3,73,2013
26,8.3,0.44,4,3,73,2014
15,2.2,0.4,4.1,3,73,2015
20,0.8,0.13,6.5,3,73,2016
19,5.9,0.7,5.6,3,73,2017
13,5.1,0.63,5.5,3,73,2018
24,0,0.68,8,3,73,2019
20,2.3,0.71,7,3,73,2020
13,5.4,0.43,7.6,3,73,2021
17,0,0.15,2.8,3,73,2022
15,7.2,0.41,7.3,3,73,2023
7,1.1,0.48,3.7,3,73,2024
15,6.3,0.52,2.4,3,74,2000
18,1,0.04,7.6,3,74,2001
14,7.6,0.79,5,3,74,2002
22,1.8,0.42,4,3,74,2003
32,7.4,0.52,2.2,3,74,2004
18,2.9,0.38,7.9,3,74,2005
44,3.3,0.22,2.1,3,74,2006
41,4.8,0.4,3.4,3,74,2007
12,3.1,0.56,2.9,3,74,2008
19,5,0.3,4.1,3,74,2009
20,7.2,0.45,3.2,3,74,2010
18,6.1,0.15,5.6,3,74,2011
19,5.5,0.67,6.9,3,74,2012
31,5.4,0.31,3.4,3,74,2013
32,8,0.65,4,3,74,2014
17,6.9,0.44,4.1,3,74,2015
18,1.6,0.12,6.5,3,74,2016
29,2.3,0.24,5.6,3,74,2017
15,5.4,0.02,5.5,3,74,2018
35,8.5,0.06,8,3,74,2019
10,1.6,0.47,7,3,74,2020
14,12,0,7.6,3,74,2021
22,5.3,0.73,2.8,3,74,2022
13,1.4,0.31,7.3,3,74,2023
26,5.2,0.34,3.7,3,74,2024
12,0,0.66,2.4,2,75,2000
17,7.1,0.25,7.6,2,75,2001
11,1.1,0.03,5,2,75,2002
44,4.8,0.16,4,2,75,2003
19,11.5,0.29,2.2,2,75,2004
12,3.6,0.77,7.9,2,75,2005
32,9.1,0.19,2.1,2,75,2006
21,5.4,0.19,3.4,2,75,2007
17,10,0.24,2.9,2,75,2008
15,1.2,0.27,4.1,2,75,2009
19,4.4,0.66,3.2,2,75,2010
17,9.3,0.76,5.6,2,75,2011
16,5.4,0.7,6.9,2,75,2012
33,3.8,0.76,3.4,2,75,2013
30,1.2,0.19,4,2,75,2014
22,7.9,0.75,4.1,2,75,2015
36,9.6,0.11,6.5,2,75,2016
26,8.2,0.6,5.6,2,75,2017
18,2.1,0.05,5.5,2,75,2018
27,4.9,0.69,8,2,75,2019
22,5.3,0.49,7,2,75,2020
5,5.4,0.63,7.6,2,75,2021
15,4.1,0.51,2.8,2,75,2022
12,0.6,0.68,7.3,2,75,2023
15,5.4,0.75,3.7,2,75,2024
26,8,0.57,2.4,3,76,2000
29,5.7,0.07,7.6,3,76,2001
7,1,0.71,5,3,76,2002
50,5.8,0.08,4,3,76,2003
21,7.9,0.34,2.2,3,76,2004
10,6.7,0.26,7.9,3,76,2005
26,6.8,0.65,2.1,3,76,2006
14,0.5,0.46,3.4,3,76,2007
22,10.2,0.4,2.9,3,76,2008
18,3.3,0.69,4.1,3,76,2009
26,7.4,0.71,3.2,3,76,2010
7,5,0.22,5.6,3,76,2011
10,7.8,0.45,6.9,3,76,2012
16,9.1,0.39,3.4,3,76,2013
14,0,0.29,4,3,76,2014
35,8.7,0.45,4.1,3,76,2015
29,7.5,0.21,6.5,3,76,2016
24,5.2,0.57,5.6,3,76,2017
23,5.9,0.19,5.5,3,76,2018
27,3.8,0.76,8,3,76,2019
10,6.9,0.48,7,3,76,2020
7,4.5,0.76,7.6,3,76,2021
19,5.8,0.4,2.8,3,76,2022
9,0.8,0.12,7.3,3,76,2023
14,2.6,0.46,3.7,3,76,2024
22,2.5,0.6,2.4,3,77,2000
24,7.9,0.76,7.6,3,77,2001
28,12.1,0.28,5,3,77,2002
33,5.7,0.62,4,3,77,2003
13,4,0.08,2.2,3,77,2004
27,7.7,0.08,7.9,3,77,2005
20,0,0.14,2.1,3,77,2006
30,7.1,0.24,3.4,3,77,2007
19,5.4,0.24,2.9,3,77,2008
16,6.4,0.65,4.1,3,77,2009
37,6.2,0.55,3.2,3,77,2010
8,1.4,0.47,5.6,3,77,2011
33,0,0.05,6.9,3,77,2012
43,5.4,0.05,3.4,3,77,2013
19,3.6,0.45,4,3,77,2014
31,5.7,0.75,4.1,3,77,2015
17,11.9,0.35,6.5,3,77,2016
23,4.5,0.11,5.6,3,77,2017
21,1.3,0.33,5.5,3,77,2018
25,2.5,0.72,8,3,77,2019
18,4.9,0.32,7,3,77,2020
11,6.4,0.42,7.6,3,77,2021
27,6.6,0.56,2.8,3,77,2022
23,0,0.49,7.3,3,77,2023
13,7.1,0.12,3.7,3,77,2024
32,0.5,0.46,2.4,5,78,2000
14,2.4,0.76,7.6,5,78,2001
16,11.7,0.6,5,5,78,2002
25,2.8,0.21,4,5,78,2003
26,9.4,0.14,2.2,5,78,2004
26,6.1,0.73,7.9,5,78,2005
31,2.8,0.08,2.1,5,78,2006
19,2.1,0.47,3.4,5,78,2007
30,3.9,0.27,2.9,5,78,2008
42,12.9,0.09,4.1,5,78,2009
23,5.7,0.52,3.2,5,78,2010
11,6.3,0.53,5.6,5,78,2011
16,7.2,0.77,6.9,5,78,2012
24,7.6,0.5,3.4,5,78,2013
27,8.8,0.74,4,5,78,2014
16,3.5,0.79,4.1,5,78,2015
12,2.9,0.72,6.5,5,78,2016
49,9.3,0.03,5.6,5,78,2017
17,3.9,0.03,5.5,5,78,2018
18,7.1,0.36,8,5,78,2019
19,0.5,0.08,7,5,78,2020
14,5.6,0.46,7.6,5,78,2021
12,0,0.62,2.8,5,78,2022
12,2.8,0,7.3,5,78,2023
12,1.9,0.73,3.7,5,78,2024
31,4.3,0.42,2.4,2,79,2000
21,1.6,0.29,7.6,2,79,2001
18,4,0.13,5,2,79,2002
40,5.3,0.24,4,2,79,2003
22,6.6,0.07,2.2,2,79,2004
17,4.7,0.66,7.9,2,79,2005
15,6.1,0.31,2.1,2,79,2006
25,11.5,0.64,3.4,2,79,2007
32,1.3,0.03,2.9,2,79,2008
15,2.9,0.36,4.1,2,79,2009
23,5.8,0.6,3.2,2,79,2010
5,2,0.1,5.6,2,79,2011
50,9.6,0.22,6.9,2,79,2012
25,1.3,0.02,3.4,2,79,2013
16,7.1,0.36,4,2,79,2014
20,3.5,0.16,4.1,2,79,2015
15,4.6,0.6,6.5,2,79,2016
27,5.4,0.6,5.6,2,79,2017
13,4.3,0.22,5.5,2,79,2018
14,3.5,0.61,8,2,79,2019
21,4.4,0.39,7,2,79,2020
14,7.8,0.35,7.6,2,79,2021
16,2.4,0.42,2.8,2,79,2022
27,6.3,0.54,7.3,2,79,2023
15,4.3,0.36,3.7,2,79,2024
28,7.1,0.22,2.4,5,80,2000
18,4.5,0.64,7.6,5,80,2001
14,10.7,0.32,5,5,80,2002
26,1.8,0.66,4,5,80,2003
15,4.5,0.72,2.2,5,80,2004
21,2.4,0.61,7.9,5,80,2005
26,4.2,0.04,2.1,5,80,2006
40,8.2,0.59,3.4,5,80,2007
40,8.7,0.23,2.9,5,80,2008
23,5.7,0.47,4.1,5,80,2009
15,3.8,0.52,3.2,5,80,2010
12,7.2,0.66,5.6,5,80,2011
16,2.9,0.76,6.9,5,80,2012
17,4.8,0.18,3.4,5,80,2013
41,6.8,0.62,4,5,80,2014
20,3.6,0.14,4.1,5,80,2015
13,2.1,0.09,6.5,5,80,2016
16,10.2,0.03,5.6,5,80,2017
13,4.1,0.74,5.5,5,80,2018
24,5,0.43,8,5,80,2019
25,7.8,0.01,7,5,80,2020
9,1.6,0.8,7.6,5,80,2021
29,6.4,0.44,2.8,5,80,2022
15,3,0.72,7.3,5,80,2023
12,6.2,0.77,3.7,5,80,2024
15,0,0.24,2.4,3,81,2000
20,4.1,0.69,7.6,3,81,2001
10,1.8,0.22,5,3,81,2002
24,7.6,0.11,4,3,81,2003
19,4.4,0.15,2.2,3,81,2004
25,3.6,0.77,7.9,3,81,2005
49,11.6,0.48,2.1,3,81,2006
13,0,0.22,3.4,3,81,2007
12,2.8,0.17,2.9,3,81,2008
12,2.9,0.71,4.1,3,81,2009
34,8.1,0.33,3.2,3,81,2010
10,5.2,0.7,5.6,3,81,2011
24,6.6,0.14,6.9,3,81,2012
17,3.9,0.42,3.4,3,81,2013
19,0,0.18,4,3,81,2014
18,2.8,0.38,4.1,3,81,2015
13,3.8,0.64,6.5,3,81,2016
27,3.3,0.38,5.6,3,81,2017
22,0.4,0.01,5.5,3,81,2018
25,5.8,0.25,8,3,81,2019
14,4.4,0.4,7,3,81,2020
12,8.9,0.25,7.6,3,81,2021
30,11.9,0.59,2.8,3,81,2022
17,4.8,0.31,7.3,3,81,2023
16,5.9,0.55,3.7,3,81,2024
38,9.2,0.06,2.4,1,82,2000
19,7.2,0.65,7.6,1,82,2001
10,5,0.7,5,1,82,2002
24,6.4,0.62,4,1,82,2003
11,0.9,0.15,2.2,1,82,2004
23,6.9,0.46,7.9,1,82,2005
43,8.4,0.74,2.1,1,82,2006
13,2.2,0.58,3.4,1,82,2007
18,4,0.51,2.9,1,82,2008
19,7.8,0.68,4.1,1,82,2009
21,7,0.26,3.2,1,82,2010
15,5,0.27,5.6,1,82,2011
21,4,0.22,6.9,1,82,2012
11,0,0.78,3.4,1,82,2013
30,7.5,0.59,4,1,82,2014
12,7.5,0.47,4.1,1,82,2015
14,1.3,0.54,6.5,1,82,2016
18,6.6,0.12,5.6,1,82,2017
41,9.4,0.2,5.5,1,82,2018
29,5.6,0.44,8,1,82,2019
15,2.5,0.41,7,1,82,2020
11,7,0.07,7.6,1,82,2021
27,3.5,0.45,2.8,1,82,2022
15,3.9,0.51,7.3,1,82,2023
12,3.8,0.45,3.7,1,82,2024
18,5.7,0.39,2.4,3,83,2000
28,8.5,0.1,7.6,3,83,2001
14,3.4,0.56,5,3,83,2002
16,2.6,0.18,4,3,83,2003
23,2,0.03,2.2,3,83,2004
20,0,0.45,7.9,3,83,2005
39,7.1,0.06,2.1,3,83,2006
21,3.1,0.33,3.4,3,83,2007
39,8.9,0.63,2.9,3,83,2008
24,10.5,0.31,4.1,3,83,2009
24,2.4,0.13,3.2,3,83,2010
14,0.5,0.17,5.6,3,83,2011
19,0,0.26,6.9,3,83,2012
16,7.8,0.43,3.4,3,83,2013
16,8.5,0.55,4,3,83,2014
30,2.9,0.07,4.1,3,83,2015
17,5.6,0.36,6.5,3,83,2016
18,7.7,0.68,5.6,3,83,2017
19,5.2,0.04,5.5,3,83,2018
20,7.6,0.58,8,3,83,2019
22,5.9,0.23,7,3,83,2020
12,4,0.79,7.6,3,83,2021
13,5.5,0.34,2.8,3,83,2022
17,6.7,0.44,7.3,3,83,2023
23,3.5,0.02,3.7,3,83,2024
30,5.9,0.48,2.4,4,84,2000
24,9.7,0.49,7.6,4,84,2001
23,4.8,0.41,5,4,84,2002
20,3.1,0.47,4,4,84,2003
20,10.4,0.46,2.2,4,84,2004
20,8.3,0.34,7.9,4,84,2005
25,8,0.67,2.1,4,84,2006
18,2.1,0.25,3.4,4,84,2007
11,6.7,0.72,2.9,4,84,2008
17,7.7,0.05,4.1,4,84,2009
19,4.4,0.2,3.2,4,84,2010
13,10.9,0.34,5.6,4,84,2011
15,3.8,0.55,6.9,4,84,2012
22,2,0.22,3.4,4,84,2013
21,5.6,0.58,4,4,84,2014
20,6.4,0.76,4.1,4,84,2015
26,3.5,0.07,6.5,4,84,2016
15,6.3,0.23,5.6,4,84,2017
21,5.6,0.06,5.5,4,84,2018
18,8,0.7,8,4,84,2019
16,3.6,0.67,7,4,84,2020
15,3.5,0.46,7.6,4,84,2021
43,3.5,0.04,2.8,4,84,2022
32,8,0.21,7.3,4,84,2023
18,8.1,0.4,3.7,4,84,2024
43,3.5,0.45,2.4,5,85,2000
13,3.7,0.62,7.6,5,85,2001
22,9.4,0.12,5,5,85,2002
49,5.1,0.58,4,5,85,2003
19,8,0.48,2.2,5,85,2004
28,10.2,0.35,7.9,5,85,2005
25,8.5,0.59,2.1,5,85,2006
25,8.2,0.4,3.4,5,85,2007
17,3.1,0.32,2.9,5,85,2008
12,2.9,0.38,4.1,5,85,2009
11,5.9,0.46,3.2,5,85,2010
12,4.1,0.7,5.6,5,85,2011
16,4.9,0.44,6.9,5,85,2012
23,5.8,0.25,3.4,5,85,2013
45,3.9,0.18,4,5,85,2014
18,8.6,0.52,4.1,5,85,2015
18,0.3,0.45,6.5,5,85,2016
15,2.2,0.14,5.6,5,85,2017
22,2.3,0.36,5.5,5,85,2018
18,0.8,0.67,8,5,85,2019
20,10.3,0.37,7,5,85,2020
8,6.3,0.01,7.6,5,85,2021
30,7.5,0.53,2.8,5,85,2022
20,8,0.14,7.3,5,85,2023
13,3.1,0.2,3.7,5,85,2024
23,4.4,0.8,2.4,4,86,2000
31,4.9,0.25,7.6,4,86,2001
11,2.3,0.03,5,4,86,2002
27,2.5,0.47,4,4,86,2003
18,6,0.63,2.2,4,86,2004
14,7.9,0.35,7.9,4,86,2005
21,2.9,0.45,2.1,4,86,2006
21,4.4,0.39,3.4,4,86,2007
22,5,0.33,2.9,4,86,2008
12,1.4,0.79,4.1,4,86,2009
48,7.8,0.15,3.2,4,86,2010
11,1.5,0.42,5.6,4,86,2011
17,7.1,0.51,6.9,4,86,2012
13,2.9,0.06,3.4,4,86,2013
19,8.1,0.7,4,4,86,2014
20,3.8,0.73,4.1,4,86,2015
31,10.9,0.32,6.5,4,86,2016
16,4.1,0.27,5.6,4,86,2017
33,0.4,0.05,5.5,4,86,2018
30,2.6,0.1,8,4,86,2019
12,0.9,0.78,7,4,86,2020
9,2.5,0.66,7.6,4,86,2021
19,4,0.18,2.8,4,86,2022
9,3,0.7,7.3,4,86,2023
12,2.4,0.03,3.7,4,86,2024
26,4.7,0.79,2.4,3,87,2000
26,7.6,0.14,7.6,3,87,2001
11,7.6,0.08,5,3,87,2002
38,3.8,0.23,4,3,87,2003
14,5.4,0.68,2.2,3,87,2004
18,4.1,0.18,7.9,3,87,2005
28,7.8,0.71,2.1,3,87,2006
30,7.2,0.55,3.4,3,87,2007
23,7,0.09,2.9,3,87,2008
28,5.7,0.2,4.1,3,87,2009
11,3.7,0.45,3.2,3,87,2010
16,6.4,0.29,5.6,3,87,2011
30,3.8,0.01,6.9,3,87,2012
28,3.9,0.17,3.4,3,87,2013
27,4.2,0.12,4,3,87,2014
12,0,0.69,4.1,3,87,2015
25,9.2,0.65,6.5,3,87,2016
11,0.1,0.52,5.6,3,87,2017
23,5.5,0.53,5.5,3,87,2018
36,4,0.43,8,3,87,2019
17,0,0.56,7,3,87,2020
8,3.7,0.35,7.6,3,87,2021
20,6.2,0.72,2.8,3,87,2022
15,2.5,0.23,7.3,3,87,2023
12,5.8,0.4,3.7,3,87,2024
12,4.5,0.47,2.4,5,88,2000
19,0,0.36,7.6,5,88,2001
15,6.4,0.05,5,5,88,2002
20,0,0.39,4,5,88,2003
19,7.4,0.8,2.2,5,88,2004
13,0.3,0.06,7.9,5,88,2005
50,8,0.07,2.1,5,88,2006
23,12.1,0.76,3.4,5,88,2007
11,6.2,0.33,2.9,5,88,2008
10,0,0.54,4.1,5,88,2009
33,8.1,0.02,3.2,5,88,2010
16,6.6,0.22,5.6,5,88,2011
24,9.4,0.74,6.9,5,88,2012
22,3.2,0.48,3.4,5,88,2013
27,3.2,0.29,4,5,88,2014
20,5.9,0.27,4.1,5,88,2015
28,6.6,0.53,6.5,5,88,2016
27,4.5,0.54,5.6,5,88,2017
25,4.7,0.1,5.5,5,88,2018
33,5.6,0.56,8,5,88,2019
12,7.6,0.73,7,5,88,2020
13,7.3,0.04,7.6,5,88,2021
34,6.5,0.21,2.8,5,88,2022
12,9.9,0.73,7.3,5,88,2023
11,5.3,0.26,3.7,5,88,2024
26,0,0.06,2.4,2,89,2000
27,3.8,0.46,7.6,2,89,2001
8,3.1,0.69,5,2,89,2002
69,6.5,0.29,4,2,89,2003
29,9.2,0.65,2.2,2,89,2004
14,3.9,0.58,7.9,2,89,2005
23,9.4,0.79,2.1,2,89,2006
21,9.2,0.18,3.4,2,89,2007
10,2.9,0.78,2.9,2,89,2008
15,1.3,0.71,4.1,2,89,2009
20,4.4,0.59,3.2,2,89,2010
9,4.1,0.77,5.6,2,89,2011
22,9.9,0.38,6.9,2,89,2012
24,5.8,0.39,3.4,2,89,2013
20,5.6,0.15,4,2,89,2014
26,5,0.04,4.1,2,89,2015
11,3.4,0.79,6.5,2,89,2016
23,2.2,0.42,5.6,2,89,2017
25,5,0.41,5.5,2,89,2018
34,10.9,0.04,8,2,89,2019
16,6.3,0.4,7,2,89,2020
13,5.6,0.7,7.6,2,89,2021
22,4.5,0.02,2.8,2,89,2022
16,2.8,0.53,7.3,2,89,2023
11,2.5,0.58,3.7,2,89,2024
29,3.3,0.11,2.4,1,90,2000
27,6,0.16,7.6,1,90,2001
11,0.9,0.5,5,1,90,2002
53,10,0.74,4,1,90,2003
23,8.8,0.32,2.2,1,90,2004
22,8.3,0.01,7.9,1,90,2005
28,9.9,0.77,2.1,1,90,2006
24,5.3,0.07,3.4,1,90,2007
20,5.4,0.37,2.9,1,90,2008
10,0.6,0.28,4.1,1,90,2009
30,2.5,0.54,3.2,1,90,2010
13,5.6,0.38,5.6,1,90,2011
16,1.9,0.49,6.9,1,90,2012
18,2.3,0.29,3.4,1,90,2013
21,6.3,0.55,4,1,90,2014
32,7.4,0.36,4.1,1,90,2015
18,13.1,0.77,6.5,1,90,2016
26,4.2,0.15,5.6,1,90,2017
29,11.2,0.61,5.5,1,90,2018
22,6.6,0.36,8,1,90,2019
16,8.8,0.35,7,1,90,2020
12,6.1,0.26,7.6,1,90,2021
33,8.4,0.03,2.8,1,90,2022
10,0,0.75,7.3,1,90,2023
17,11.4,0.36,3.7,1,90,2024
22,7.1,0.79,2.4,2,91,2000
16,5.1,0.33,7.6,2,91,2001
13,4.5,0.29,5,2,91,2002
52,6,0.42,4,2,91,2003
20,3.2,0.7,2.2,2,91,2004
26,10.7,0.35,7.9,2,91,2005
23,8.4,0.62,2.1,2,91,2006
11,0.8,0.54,3.4,2,91,2007
21,6.6,0.05,2.9,2,91,2008
21,5.7,0.34,4.1,2,91,2009
21,5.2,0.79,3.2,2,91,2010
14,8.9,0.66,5.6,2,91,2011
30,8.2,0.19,6.9,2,91,2012
24,8.4,0.23,3.4,2,91,2013
30,8.6,0.49,4,2,91,2014
22,4.6,0.05,4.1,2,91,2015
33,6.2,0.5,6.5,2,91,2016
21,9.2,0.78,5.6,2,91,2017
19,7.3,0.28,5.5,2,91,2018
24,11.1,0.5,8,2,91,2019
14,3.8,0.37,7,2,91,2020
7,3.5,0.7,7.6,2,91,2021
40,7.1,0.24,2.8,2,91,2022
18,5.9,0.67,7.3,2,91,2023
7,0,0.64,3.7,2,91,2024
18,1.6,0.65,2.4,2,92,2000
6,2.7,0.43,7.6,2,92,2001
16,5,0.21,5,2,92,2002
30,9.3,0.54,4,2,92,2003
29,0.7,0.07,2.2,2,92,2004
10,7.1,0.69,7.9,2,92,2005
23,4.9,0.74,2.1,2,92,2006
22,7.5,0.38,3.4,2,92,2007
32,11.5,0.37,2.9,2,92,2008
32,3.7,0,4.1,2,92,2009
40,12.5,0.24,3.2,2,92,2010
20,1.8,0.23,5.6,2,92,2011
28,5.1,0.71,6.9,2,92,2012
31,5.2,0.38,3.4,2,92,2013
27,7,0.6,4,2,92,2014
21,7.2,0.02,4.1,2,92,2015
25,5.7,0.31,6.5,2,92,2016
27,8,0.39,5.6,2,92,2017
7,5.1,0.5,5.5,2,92,2018
13,0.5,0.75,8,2,92,2019
18,3.1,0.69,7,2,92,2020
10,0.7,0.11,7.6,2,92,2021
20,2.8,0.46,2.8,2,92,2022
18,7.1,0.42,7.3,2,92,2023
17,5.3,0.03,3.7,2,92,2024
53,7.6,0.43,2.4,5,93,2000
15,4.8,0.71,7.6,5,93,2001
20,3.8,0.54,5,5,93,2002
33,8.1,0.07,4,5,93,2003
32,4.3,0.37,2.2,5,93,2004
9,6.4,0.16,7.9,5,93,2005
36,12.5,0.1,2.1,5,93,2006
15,6.3,0.65,3.4,5,93,2007
18,5.7,0.48,2.9,5,93,2008
11,5.6,0.75,4.1,5,93,2009
15,6.8,0.72,3.2,5,93,2010
12,4.8,0.06,5.6,5,93,2011
14,2.9,0.24,6.9,5,93,2012
21,8.2,0.63,3.4,5,93,2013
16,2.9,0.75,4,5,93,2014
13,7.9,0.57,4.1,5,93,2015
11,3.5,0.54,6.5,5,93,2016
29,8,0.06,5.6,5,93,2017
27,0.3,0.25,5.5,5,93,2018
29,10.8,0.13,8,5,93,2019
32,0.8,0.14,7,5,93,2020
16,7.3,0.54,7.6,5,93,2021
20,7.1,0.19,2.8,5,93,2022
13,4.4,0.39,7.3,5,93,2023
14,1.2,0.39,3.7,5,93,2024
48,8.3,0.37,2.4,2,94,2000
14,3.8,0.5,7.6,2,94,2001
16,5.9,0.63,5,2,94,2002
27,5.2,0.68,4,2,94,2003
46,8.2,0.07,2.2,2,94,2004
23,8.1,0.27,7.9,2,94,2005
34,5.6,0.42,2.1,2,94,2006
18,0.9,0.78,3.4,2,94,2007
12,3,0.23,2.9,2,94,2008
40,6.2,0.55,4.1,2,94,2009
15,3.7,0.1,3.2,2,94,2010
9,1.3,0.2,5.6,2,94,2011
18,4.2,0.6,6.9,2,94,2012
34,7.1,0.05,3.4,2,94,2013
21,2.2,0.71,4,2,94,2014
13,7.6,0.72,4.1,2,94,2015
16,9.4,0.47,6.5,2,94,2016
24,6.3,0.06,5.6,2,94,2017
36,4.5,0.25,5.5,2,94,2018
26,3.1,0.51,8,2,94,2019
16,5.1,0.1,7,2,94,2020
16,0,0.04,7.6,2,94,2021
21,5.4,0.14,2.8,2,94,2022
22,7.5,0.52,7.3,2,94,2023
12,8.3,0.45,3.7,2,94,2024
13,0,0.17,2.4,5,95,2000
22,9,0.5,7.6,5,95,2001
17,3,0.42,5,5,95,2002
20,1,0.69,4,5,95,2003
15,1.8,0.29,2.2,5,95,2004
18,10.6,0.33,7.9,5,95,2005
19,6,0.72,2.1,5,95,2006
13,5.2,0.44,3.4,5,95,2007
16,3.9,0.76,2.9,5,95,2008
14,1.3,0.05,4.1,5,95,2009
19,1.4,0.05,3.2,5,95,2010
14,4.7,0.35,5.6,5,95,2011
10,6,0.79,6.9,5,95,2012
34,5.5,0.14,3.4,5,95,2013
21,1.6,0.6,4,5,95,2014
24,7.1,0.74,4.1,5,95,2015
28,5.9,0.05,6.5,5,95,2016
15,8.5,0.68,5.6,5,95,2017
21,5.4,0.55,5.5,5,95,2018
20,2.4,0.48,8,5,95,2019
33,7.9,0.2,7,5,95,2020
18,7.6,0.47,7.6,5,95,2021
22,7.4,0.24,2.8,5,95,2022
16,5.4,0.58,7.3,5,95,2023
11,0.2,0.39,3.7,5,95,2024
27,5.1,0.08,2.4,4,96,2000
15,7.7,0.62,7.6,4,96,2001
16,5.1,0.53,5,4,96,2002
35,8.2,0.59,4,4,96,2003
19,1.7,0.77,2.2,4,96,2004
30,5.4,0.01,7.9,4,96,2005
53,10.5,0.02,2.1,4,96,2006
46,5.5,0.01,3.4,4,96,2007
17,6.4,0.13,2.9,4,96,2008
18,6,0.35,4.1,4,96,2009
36,9.3,0.61,3.2,4,96,2010
12,4.1,0.65,5.6,4,96,2011
12,1.7,0.44,6.9,4,96,2012
22,3.8,0.3,3.4,4,96,2013
29,1.4,0.16,4,4,96,2014
20,5.7,0.18,4.1,4,96,2015
15,8,0.69,6.5,4,96,2016
18,0,0.23,5.6,4,96,2017
39,9.6,0.72,5.5,4,96,2018
36,4.3,0.08,8,4,96,2019
19,3.5,0.11,7,4,96,2020
14,7.7,0.15,7.6,4,96,2021
24,5.8,0.07,2.8,4,96,2022
20,2.6,0.21,7.3,4,96,2023
19,6.9,0.22,3.7,4,96,2024
33,7.1,0.27,2.4,2,97,2000
14,3.8,0.53,7.6,2,97,2001
6,3.7,0.5,5,2,97,2002
24,11.7,0.57,4,2,97,2003
17,6.4,0.76,2.2,2,97,2004
11,1,0.53,7.9,2,97,2005
17,0,0.12,2.1,2,97,2006
17,5.1,0.64,3.4,2,97,2007
22,4.9,0.08,2.9,2,97,2008
19,6.8,0.6,4.1,2,97,2009
14,4.8,0.41,3.2,2,97,2010
14,4.4,0.25,5.6,2,97,2011
21,4.9,0.28,6.9,2,97,2012
23,7.1,0.79,3.4,2,97,2013
38,5.9,0.55,4,2,97,2014
26,1.9,0.06,4.1,2,97,2015
15,3.4,0.7,6.5,2,97,2016
46,4.8,0.17,5.6,2,97,2017
16,5.3,0.57,5.5,2,97,2018
22,3.7,0.05,8,2,97,2019
18,6.7,0.3,7,2,97,2020
16,10.2,0.7,7.6,2,97,2021
16,5.1,0.11,2.8,2,97,2022
19,5.7,0.32,7.3,2,97,2023
33,4.9,0.16,3.7,2,97,2024
22,1.3,0.27,2.4,2,98,2000
16,5.8,0.39,7.6,2,98,2001
12,9,0.35,5,2,98,2002
36,1.7,0.64,4,2,98,2003
18,3.4,0.54,2.2,2,98,2004
9,1.3,0.64,7.9,2,98,2005
21,2.6,0.16,2.1,2,98,2006
21,0.8,0.59,3.4,2,98,2007
25,7,0.31,2.9,2,98,2008
12,3.6,0.42,4.1,2,98,2009
21,1.2,0.67,3.2,2,98,2010
13,3.7,0.01,5.6,2,98,2011
12,2,0.35,6.9,2,98,2012
20,1.5,0.64,3.4,2,98,2013
30,4.4,0.42,4,2,98,2014
35,4.5,0.32,4.1,2,98,2015
32,6.1,0.19,6.5,2,98,2016
11,4.3,0.78,5.6,2,98,2017
12,3.4,0.6,5.5,2,98,2018
25,5.5,0.36,8,2,98,2019
17,1.4,0.46,7,2,98,2020
9,0,0.59,7.6,2,98,2021
19,3.8,0.72,2.8,2,98,2022
40,13.3,0.47,7.3,2,98,2023
6,4.2,0.74,3.7,2,98,2024
18,0.3,0.55,2.4,5,99,2000
13,0,0.29,7.6,5,99,2001
11,5.9,0.19,5,5,99,2002
24,5.9,0.38,4,5,99,2003
11,1.6,0.32,2.2,5,99,2004
22,9.2,0.08,7.9,5,99,2005
37,8.2,0.33,2.1,5,99,2006
30,15.9,0.59,3.4,5,99,2007
25,10.2,0.44,2.9,5,99,2008
18,4.4,0.02,4.1,5,99,2009
18,3.6,0.17,3.2,5,99,2010
16,4.7,0.48,5.6,5,99,2011
11,0.6,0.69,6.9,5,99,2012
28,1.5,0.36,3.4,5,99,2013
33,3.1,0.36,4,5,99,2014
19,4.6,0.16,4.1,5,99,2015
12,1.4,0.54,6.5,5,99,2016
24,3,0,5.6,5,99,2017
15,5.1,0.09,5.5,5,99,2018
23,4,0.71,8,5,99,2019
18,4.1,0.2,7,5,99,2020
8,5,0.18,7.6,5,99,2021
20,9.6,0.73,2.8,5,99,2022
31,11.7,0.39,7.3,5,99,2023
27,2.5,0.56,3.7,5,99,2024
36,1.7,0,2.4,5,100,2000
33,3.7,0.52,7.6,5,100,2001
24,12,0.05,5,5,100,2002
32,10.5,0.63,4,5,100,2003
23,3.9,0.24,2.2,5,100,2004
26,10,0.43,7.9,5,100,2005
20,4.8,0.09,2.1,5,100,2006
27,4.2,0.01,3.4,5,100,2007
14,2.3,0.35,2.9,5,100,2008
15,4.4,0.76,4.1,5,100,2009
23,3.4,0.69,3.2,5,100,2010
7,3.6,0.66,5.6,5,100,2011
21,9.8,0,6.9,5,100,2012
22,3.5,0.07,3.4,5,100,2013
35,2.7,0.2,4,5,100,2014
10,2.7,0.66,4.1,5,100,2015
18,9,0.14,6.5,5,100,2016
22,4.2,0.15,5.6,5,100,2017
14,6.8,0.72,5.5,5,100,2018
12,0,0.63,8,5,100,2019
27,5.9,0.57,7,5,100,2020
14,10.6,0.39,7.6,5,100,2021
47,8.1,0.7,2.8,5,100,2022
13,0,0.62,7.3,5,100,2023
19,4.6,0.68,3.7,5,100,2024
17,2.3,0.64,2.4,5,101,2000
14,4.3,0.1,7.6,5,101,2001
14,5.8,0.32,5,5,101,2002
22,8.3,0.56,4,5,101,2003
18,4.6,0.24,2.2,5,101,2004
38,6.1,0.2,7.9,5,101,2005
29,3.1,0.37,2.1,5,101,2006
24,6.9,0.07,3.4,5,101,2007
16,0,0.24,2.9,5,101,2008
27,6.3,0.77,4.1,5,101,2009
25,7.5,0.44,3.2,5,101,2010
11,2.9,0.08,5.6,5,101,2011
26,6.5,0.26,6.9,5,101,2012
32,2.4,0.25,3.4,5,101,2013
23,6.9,0.05,4,5,101,2014
21,3.2,0.47,4.1,5,101,2015
27,2.9,0.56,6.5,5,101,2016
38,8.7,0.15,5.6,5,101,2017
9,1.4,0.77,5.5,5,101,2018
21,3.6,0.71,8,5,101,2019
31,9,0.51,7,5,101,2020
14,3.1,0.53,7.6,5,101,2021
26,8,0.49,2.8,5,101,2022
17,1,0.09,7.3,5,101,2023
14,6,0.58,3.7,5,101,2024
38,7.9,0.02,2.4,2,102,2000
9,4.3,0.71,7.6,2,102,2001
11,3.3,0.73,5,2,102,2002
19,0.8,0.65,4,2,102,2003
11,3.8,0.44,2.2,2,102,2004
24,11.4,0.61,7.9,2,102,2005
20,6.5,0.6,2.1,2,102,2006
18,1.5,0.4,3.4,2,102,2007
19,5.8,0.14,2.9,2,102,2008
44,9.5,0.14,4.1,2,102,2009
21,2.5,0.04,3.2,2,102,2010
10,4.5,0.09,5.6,2,102,2011
16,5.2,0.7,6.9,2,102,2012
27,11,0.48,3.4,2,102,2013
18,2.7,0.46,4,2,102,2014
11,0.4,0.5,4.1,2,102,2015
14,4.7,0.68,6.5,2,102,2016
28,9.9,0.58,5.6,2,102,2017
20,5.7,0.41,5.5,2,102,2018
16,2.9,0.38,8,2,102,2019
12,2.5,0.03,7,2,102,2020
14,4.8,0.77,7.6,2,102,2021
23,5.9,0.07,2.8,2,102,2022
19,4.4,0.14,7.3,2,102,2023
15,5,0.57,3.7,2,102,2024
12,5.1,0.72,2.4,2,103,2000
15,3.3,0.72,7.6,2,103,2001
16,5.2,0.24,5,2,103,2002
24,4.5,0.72,4,2,103,2003
29,9.1,0.53,2.2,2,103,2004
19,7,0.17,7.9,2,103,2005
26,0,0.45,2.1,2,103,2006
16,9,0.78,3.4,2,103,2007
24,4.3,0.39,2.9,2,103,2008
19,2.7,0.53,4.1,2,103,2009
23,5.6,0.26,3.2,2,103,2010
13,6,0.33,5.6,2,103,2011
23,1.8,0.63,6.9,2,103,2012
36,5.4,0.53,3.4,2,103,2013
17,4.2,0.6,4,2,103,2014
31,7.5,0.56,4.1,2,103,2015
15,4.2,0.43,6.5,2,103,2016
34,3.1,0.2,5.6,2,103,2017
40,4.3,0.05,5.5,2,103,2018
17,4.3,0.55,8,2,103,2019
18,4,0.71,7,2,103,2020
11,0,0.21,7.6,2,103,2021
22,2.9,0.22,2.8,2,103,2022
19,5.8,0.56,7.3,2,103,2023
24,4,0.54,3.7,2,103,2024
34,8.2,0.06,2.4,3,104,2000
24,6.1,0.68,7.6,3,104,2001
19,10.3,0.37,5,3,104,2002
22,3.1,0.32,4,3,104,2003
37,5,0.26,2.2,3,104,2004
23,9.5,0.67,7.9,3,104,2005
20,5.9,0.08,2.1,3,104,2006
20,9.5,0.36,3.4,3,104,2007
36,4.3,0.09,2.9,3,104,2008
17,0.7,0.15,4.1,3,104,2009
26,6.1,0.11,3.2,3,104,2010
7,5.7,0.78,5.6,3,104,2011
13,5.3,0.43,6.9,3,104,2012
37,9.8,0.18,3.4,3,104,2013
27,4.9,0.06,4,3,104,2014
35,2.9,0.14,4.1,3,104,2015
28,3.3,0.61,6.5,3,104,2016
24,5.9,0.64,5.6,3,104,2017
22,2.5,0.22,5.5,3,104,2018
35,10.9,0.57,8,3,104,2019
14,2,0.55,7,3,104,2020
12,7,0.54,7.6,3,104,2021
20,4.1,0.49,2.8,3,104,2022
17,8.5,0.79,7.3,3,104,2023
12,2.2,0.57,3.7,3,104,2024
18,0.2,0.14,2.4,2,105,2000
22,0.6,0.03,7.6,2,105,2001
12,3.5,0.69,5,2,105,2002
29,5.7,0.5,4,2,105,2003
14,7.5,0.02,2.2,2,105,2004
24,3.6,0.51,7.9,2,105,2005
50,3.2,0.66,2.1,2,105,2006
32,9.2,0.03,3.4,2,105,2007
13,3.5,0.34,2.9,2,105,2008
14,3.4,0.64,4.1,2,105,2009
22,0,0.35,3.2,2,105,2010
19,6.1,0.13,5.6,2,105,2011
21,6.1,0.26,6.9,2,105,2012
13,1.8,0.73,3.4,2,105,2013
28,5,0.36,4,2,105,2014
18,2.6,0.43,4.1,2,105,2015
22,5.9,0.16,6.5,2,105,2016
18,7.9,0.37,5.6,2,105,2017
14,7.9,0.52,5.5,2,105,2018
12,5.4,0.61,8,2,105,2019
13,3.8,0.78,7,2,105,2020
11,8.3,0.52,7.6,2,105,2021
34,6.2,0.35,2.8,2,105,2022
13,5.3,0.43,7.3,2,105,2023
17,0,0.31,3.7,2,105,2024
16,2.3,0.31,2.4,2,106,2000
17,4.2,0.5,7.6,2,106,2001
10,5,0.45,5,2,106,2002
15,0.6,0.12,4,2,106,2003
12,3.3,0.77,2.2,2,106,2004
20,7.8,0.16,7.9,2,106,2005
56,8.3,0.17,2.1,2,106,2006
43,9.3,0.33,3.4,2,106,2007
21,3.5,0.2,2.9,2,106,2008
13,7.5,0.62,4.1,2,106,2009
13,2,0.15,3.2,2,106,2010
8,0,0.41,5.6,2,106,2011
27,5.2,0.48,6.9,2,106,2012
26,6.8,0.35,3.4,2,106,2013
38,4.6,0.61,4,2,106,2014
21,3.5,0.34,4.1,2,106,2015
10,4.1,0.55,6.5,2,106,2016
15,3.8,0.56,5.6,2,106,2017
12,0,0.58,5.5,2,106,2018
27,7.3,0.46,8,2,106,2019
18,5.3,0.67,7,2,106,2020
24,9.6,0.39,7.6,2,106,2021
20,1.6,0.31,2.8,2,106,2022
12,6.4,0.67,7.3,2,106,2023
17,9.1,0.12,3.7,2,106,2024
18,7.3,0.63,2.4,2,107,2000
14,3.8,0.62,7.6,2,107,2001
14,2.8,0.26,5,2,107,2002
26,2.2,0.29,4,2,107,2003
22,4.9,0.46,2.2,2,107,2004
18,11.4,0.43,7.9,2,107,2005
18,1.2,0.52,2.1,2,107,2006
12,0,0.46,3.4,2,107,2007
17,1.8,0.06,2.9,2,107,2008
19,3.5,0.18,4.1,2,107,2009
32,0.8,0.46,3.2,2,107,2010
8,0,0.45,5.6,2,107,2011
29,6,0.02,6.9,2,107,2012
24,5.2,0.43,3.4,2,107,2013
42,4,0.13,4,2,107,2014
25,9.9,0.09,4.1,2,107,2015
11,4.2,0.46,6.5,2,107,2016
24,5,0.47,5.6,2,107,2017
11,0,0.24,5.5,2,107,2018
23,5.9,0.59,8,2,107,2019
27,8.6,0.25,7,2,107,2020
15,10.4,0.25,7.6,2,107,2021
33,5.2,0.29,2.8,2,107,2022
23,5.8,0.04,7.3,2,107,2023
11,0,0.68,3.7,2,107,2024
20,2.8,0.17,2.4,4,108,2000
18,0,0.6,7.6,4,108,2001
12,3.1,0.59,5,4,108,2002
29,4.4,0.45,4,4,108,2003
21,2.2,0.01,2.2,4,108,2004
12,0.9,0.29,7.9,4,108,2005
23,6.9,0.28,2.1,4,108,2006
27,1.4,0.42,3.4,4,108,2007
18,7.7,0.76,2.9,4,108,2008
13,2.9,0.33,4.1,4,108,2009
12,2.8,0.65,3.2,4,108,2010
9,2.4,0.78,5.6,4,108,2011
21,5.3,0.59,6.9,4,108,2012
39,6.3,0.12,3.4,4,108,2013
39,7.4,0.23,4,4,108,2014
23,0.2,0.39,4.1,4,108,2015
12,4,0.32,6.5,4,108,2016
18,7.1,0.61,5.6,4,108,2017
9,5.1,0.57,5.5,4,108,2018
24,6.9,0.16,8,4,108,2019
23,0,0.03,7,4,108,2020
14,6,0.38,7.6,4,108,2021
17,4.8,0.56,2.8,4,108,2022
21,10.1,0.64,7.3,4,108,2023
15,6,0.45,3.7,4,108,2024
21,6.6,0.47,2.4,2,109,2000
17,7,0.59,7.6,2,109,2001
26,13.3,0.61,5,2,109,2002
30,10,0.53,4,2,109,2003
24,4.7,0.48,2.2,2,109,2004
17,7,0.26,7.9,2,109,2005
16,0,0.44,2.1,2,109,2006
12,1,0.41,3.4,2,109,2007
14,4.7,0.33,2.9,2,109,2008
15,4.9,0.34,4.1,2,109,2009
17,3.3,0.25,3.2,2,109,2010
12,6.7,0.09,5.6,2,109,2011
16,0,0.45,6.9,2,109,2012
31,10.6,0.4,3.4,2,109,2013
37,3.5,0.01,4,2,109,2014
24,8.2,0.71,4.1,2,109,2015
17,0.9,0.35,6.5,2,109,2016
13,9.6,0.66,5.6,2,109,2017
15,8.5,0.26,5.5,2,109,2018
22,11.1,0.64,8,2,109,2019
13,3.6,0.64,7,2,109,2020
13,4,0.54,7.6,2,109,2021
31,5.1,0.69,2.8,2,109,2022
16,0,0.23,7.3,2,109,2023
11,4.5,0.4,3.7,2,109,2024
16,6.3,0.63,2.4,2,110,2000
16,0,0.08,7.6,2,110,2001
11,3.8,0.05,5,2,110,2002
16,6.5,0.33,4,2,110,2003
26,9.6,0.41,2.2,2,110,2004
22,4.4,0.2,7.9,2,110,2005
22,2.5,0.02,2.1,2,110,2006
18,12.9,0.42,3.4,2,110,2007
16,2,0.55,2.9,2,110,2008
9,3,0.79,4.1,2,110,2009
12,5.2,0.31,3.2,2,110,2010
9,4,0.66,5.6,2,110,2011
21,0,0.44,6.9,2,110,2012
18,1.8,0.1,3.4,2,110,2013
9,1.8,0.71,4,2,110,2014
17,0,0.49,4.1,2,110,2015
15,2.8,0.07,6.5,2,110,2016
19,3.4,0.16,5.6,2,110,2017
20,3.7,0.65,5.5,2,110,2018
32,5.2,0.22,8,2,110,2019
24,1.6,0.12,7,2,110,2020
7,4.1,0.54,7.6,2,110,2021
33,4.9,0.41,2.8,2,110,2022
29,6.1,0.65,7.3,2,110,2023
16,5.2,0.52,3.7,2,110,2024
22,6.6,0.77,2.4,1,111,2000
14,5.3,0.74,7.6,1,111,2001
14,5.6,0.13,5,1,111,2002
36,5,0.22,4,1,111,2003
18,6.9,0.3,2.2,1,111,2004
18,3.6,0.23,7.9,1,111,2005
22,5.6,0.16,2.1,1,111,2006
36,5.4,0.21,3.4,1,111,2007
15,6.2,0.47,2.9,1,111,2008
12,1.3,0.52,4.1,1,111,2009
13,0,0.13,3.2,1,111,2010
12,2.9,0.67,5.6,1,111,2011
16,4.8,0.14,6.9,1,111,2012
40,7.1,0.31,3.4,1,111,2013
34,8.4,0.16,4,1,111,2014
16,5.1,0.43,4.1,1,111,2015
41,9.3,0.74,6.5,1,111,2016
22,4.9,0.7,5.6,1,111,2017
26,6.3,0.05,5.5,1,111,2018
17,4,0.49,8,1,111,2019
15,4,0.49,7,1,111,2020
14,4.8,0.06,7.6,1,111,2021
20,5,0.63,2.8,1,111,2022
12,7.1,0.26,7.3,1,111,2023
11,4.9,0.69,3.7,1,111,2024
14,0.7,0.36,2.4,5,112,2000
19,2,0.65,7.6,5,112,2001
13,9.2,0.11,5,5,112,2002
31,8.7,0.49,4,5,112,2003
14,5.9,0.68,2.2,5,112,2004
18,4.5,0.4,7.9,5,112,2005
25,3.3,0.15,2.1,5,112,2006
19,6.4,0.26,3.4,5,112,2007
30,6.9,0.09,2.9,5,112,2008
11,1.7,0.35,4.1,5,112,2009
12,2.3,0.12,3.2,5,112,2010
9,3.2,0.69,5.6,5,112,2011
21,4,0.74,6.9,5,112,2012
31,3.1,0.79,3.4,5,112,2013
26,7.4,0.57,4,5,112,2014
18,2.1,0.07,4.1,5,112,2015
19,7.7,0.43,6.5,5,112,2016
18,7.6,0.15,5.6,5,112,2017
22,2.6,0.42,5.5,5,112,2018
44,12.4,0.13,8,5,112,2019
17,6.5,0.41,7,5,112,2020
8,2.7,0.71,7.6,5,112,2021
31,5.7,0.63,2.8,5,112,2022
8,4.5,0.11,7.3,5,112,2023
14,3.9,0.43,3.7,5,112,2024
23,6.4,0.66,2.4,3,113,2000
29,0,0.35,7.6,3,113,2001
21,1.6,0.01,5,3,113,2002
37,7.8,0.77,4,3,113,2003
26,7.6,0.22,2.2,3,113,2004
23,4.5,0.69,7.9,3,113,2005
27,7.1,0.57,2.1,3,113,2006
29,4.3,0.14,3.4,3,113,2007
16,4.9,0,2.9,3,113,2008
29,3.8,0.49,4.1,3,113,2009
17,2.8,0.23,3.2,3,113,2010
12,6.4,0.72,5.6,3,113,2011
23,10.6,0.71,6.9,3,113,2012
76,8.7,0.06,3.4,3,113,2013
34,2.8,0.46,4,3,113,2014
21,2.5,0.09,4.1,3,113,2015
22,3.7,0.5,6.5,3,113,2016
19,1.8,0.79,5.6,3,113,2017
41,7.5,0.2,5.5,3,113,2018
18,0,0.25,8,3,113,2019
8,3.7,0.71,7,3,113,2020
10,4.8,0.48,7.6,3,113,2021
30,9.4,0.74,2.8,3,113,2022
16,3.9,0.59,7.3,3,113,2023
28,7.5,0.09,3.7,3,113,2024
25,1.6,0.07,2.4,1,114,2000
24,5.1,0.23,7.6,1,114,2001
17,10.6,0.41,5,1,114,2002
24,7.9,0.66,4,1,114,2003
18,6.8,0.48,2.2,1,114,2004
24,6,0.76,7.9,1,114,2005
33,0.7,0.65,2.1,1,114,2006
10,0.7,0.63,3.4,1,114,2007
11,1.5,0.58,2.9,1,114,2008
18,0,0.41,4.1,1,114,2009
20,4.2,0.39,3.2,1,114,2010
21,4.8,0.05,5.6,1,114,2011
16,6.9,0.6,6.9,1,114,2012
21,6,0.3,3.4,1,114,2013
20,7.8,0.7,4,1,114,2014
23,6,0.17,4.1,1,114,2015
16,6.4,0.41,6.5,1,114,2016
27,9.6,0.69,5.6,1,114,2017
20,3.8,0.8,5.5,1,114,2018
49,7.8,0.14,8,1,114,2019
15,9.2,0.67,7,1,114,2020
8,3.1,0.78,7.6,1,114,2021
23,1.6,0.44,2.8,1,114,2022
15,7,0.48,7.3,1,114,2023
15,8.2,0.56,3.7,1,114,2024
24,7.9,0.31,2.4,1,115,2000
23,4.8,0.7,7.6,1,115,2001
9,2,0.29,5,1,115,2002
29,6.7,0.62,4,1,115,2003
15,7.9,0.63,2.2,1,115,2004
18,4.6,0.24,7.9,1,115,2005
32,0.1,0.18,2.1,1,115,2006
16,6.8,0.51,3.4,1,115,2007
22,3,0.4,2.9,1,115,2008
30,6.6,0.73,4.1,1,115,2009
21,2.8,0.04,3.2,1,115,2010
7,4.1,0.19,5.6,1,115,2011
19,0,0.45,6.9,1,115,2012
26,6.2,0.4,3.4,1,115,2013
22,6,0.15,4,1,115,2014
27,6.8,0.1,4.1,1,115,2015
15,2.1,0.6,6.5,1,115,2016
18,2.1,0.5,5.6,1,115,2017
20,4.6,0.5,5.5,1,115,2018
23,4.7,0.3,8,1,115,2019
11,1.3,0.72,7,1,115,2020
8,2.2,0.54,7.6,1,115,2021
15,0,0.29,2.8,1,115,2022
14,0.2,0.5,7.3,1,115,2023
13,4.1,0.46,3.7,1,115,2024
26,7.9,0.06,2.4,5,116,2000
25,6.1,0.66,7.6,5,116,2001
17,6.8,0.05,5,5,116,2002
48,8.8,0.78,4,5,116,2003
18,4.3,0.41,2.2,5,116,2004
24,4,0.58,7.9,5,116,2005
37,5.6,0.52,2.1,5,116,2006
7,0.1,0.79,3.4,5,116,2007
32,4.6,0.09,2.9,5,116,2008
17,7.8,0.37,4.1,5,116,2009
18,4.3,0.33,3.2,5,116,2010
19,11.9,0.43,5.6,5,116,2011
12,7.5,0.73,6.9,5,116,2012
17,0.5,0.62,3.4,5,116,2013
23,4.9,0.78,4,5,116,2014
16,4.4,0.73,4.1,5,116,2015
17,3.9,0.77,6.5,5,116,2016
26,6.8,0.23,5.6,5,116,2017
15,2.8,0.27,5.5,5,116,2018
11,3.4,0.48,8,5,116,2019
24,5,0.07,7,5,116,2020
14,3.6,0.57,7.6,5,116,2021
47,7.4,0.03,2.8,5,116,2022
23,6.4,0.65,7.3,5,116,2023
19,6.1,0.52,3.7,5,116,2024
20,0,0.46,2.4,4,117,2000
18,6.6,0.78,7.6,4,117,2001
10,0,0.76,5,4,117,2002
20,0,0.52,4,4,117,2003
12,1.4,0.73,2.2,4,117,2004
11,0.2,0.72,7.9,4,117,2005
31,7.4,0.61,2.1,4,117,2006
22,6,0.3,3.4,4,117,2007
14,0.8,0.76,2.9,4,117,2008
22,8.7,0.54,4.1,4,117,2009
15,1.2,0.03,3.2,4,117,2010
13,8.9,0.24,5.6,4,117,2011
12,2.8,0.79,6.9,4,117,2012
37,6.4,0.18,3.4,4,117,2013
28,3.5,0.69,4,4,117,2014
32,4.6,0.44,4.1,4,117,2015
13,0,0.76,6.5,4,117,2016
22,5.2,0.27,5.6,4,117,2017
14,4,0.03,5.5,4,117,2018
28,7.5,0.44,8,4,117,2019
18,5.5,0.03,7,4,117,2020
10,0.2,0.23,7.6,4,117,2021
25,1.1,0.51,2.8,4,117,2022
11,2.8,0.39,7.3,4,117,2023
12,2.3,0.73,3.7,4,117,2024
28,1.6,0.11,2.4,3,118,2000
45,5.3,0.78,7.6,3,118,2001
30,4.5,0.46,5,3,118,2002
37,7.9,0.31,4,3,118,2003
18,1.5,0.42,2.2,3,118,2004
17,5.4,0.4,7.9,3,118,2005
17,5.1,0.79,2.1,3,118,2006
19,6.6,0.54,3.4,3,118,2007
14,6.1,0.59,2.9,3,118,2008
23,3.4,0.23,4.1,3,118,2009
13,2.7,0.37,3.2,3,118,2010
12,11.1,0.38,5.6,3,118,2011
16,4,0.07,6.9,3,118,2012
19,2.3,0.61,3.4,3,118,2013
34,6.3,0.27,4,3,118,2014
45,5.8,0.26,4.1,3,118,2015
19,7.9,0.3,6.5,3,118,2016
19,4.5,0.74,5.6,3,118,2017
12,2.7,0.4,5.5,3,118,2018
21,1.4,0.59,8,3,118,2019
17,2.7,0.75,7,3,118,2020
7,3.6,0.69,7.6,3,118,2021
23,8.1,0.36,2.8,3,118,2022
14,2.6,0.49,7.3,3,118,2023
20,1.4,0.06,3.7,3,118,2024
26,2.1,0.01,2.4,2,119,2000
24,4,0.21,7.6,2,119,2001
21,3.6,0.28,5,2,119,2002
43,4.6,0.02,4,2,119,2003
9,1.8,0.48,2.2,2,119,2004
10,6.4,0.6,7.9,2,119,2005
25,4.4,0.37,2.1,2,119,2006
17,6.5,0.32,3.4,2,119,2007
25,8.5,0.01,2.9,2,119,2008
18,8.5,0.12,4.1,2,119,2009
42,9.2,0.77,3.2,2,119,2010
10,7,0.24,5.6,2,119,2011
25,1.6,0.42,6.9,2,119,2012
32,3.8,0.6,3.4,2,119,2013
20,0,0.76,4,2,119,2014
16,1.8,0.28,4.1,2,119,2015
34,1.2,0.05,6.5,2,119,2016
12,2.8,0.22,5.6,2,119,2017
17,4.6,0.49,5.5,2,119,2018
29,6.4,0.03,8,2,119,2019
28,8.2,0.49,7,2,119,2020
9,8.2,0.23,7.6,2,119,2021
34,8.6,0.27,2.8,2,119,2022
21,2.6,0.23,7.3,2,119,2023
23,7.1,0.23,3.7,2,119,2024
34,2.8,0.68,2.4,4,120,2000
20,11,0.47,7.6,4,120,2001
17,5.6,0.77,5,4,120,2002
20,5.2,0.4,4,4,120,2003
31,5.9,0.14,2.2,4,120,2004
21,4.2,0.07,7.9,4,120,2005
29,6.5,0.71,2.1,4,120,2006
15,6.2,0.68,3.4,4,120,2007
15,4.1,0.32,2.9,4,120,2008
18,4.1,0.43,4.1,4,120,2009
17,3.1,0.15,3.2,4,120,2010
15,5.9,0.35,5.6,4,120,2011
25,7,0.08,6.9,4,120,2012
39,8.7,0.14,3.4,4,120,2013
22,0.8,0.76,4,4,120,2014
21,2.1,0.35,4.1,4,120,2015
13,5.9,0.3,6.5,4,120,2016
18,10,0.77,5.6,4,120,2017
22,7.8,0.76,5.5,4,120,2018
31,5.5,0.22,8,4,120,2019
29,9.8,0.52,7,4,120,2020
7,3.3,0.56,7.6,4,120,2021
35,9,0.06,2.8,4,120,2022
19,6.3,0.02,7.3,4,120,2023
18,6.4,0.57,3.7,4,120,2024
26,3,0.42,2.4,1,121,2000
23,6.2,0.08,7.6,1,121,2001
13,4.2,0.42,5,1,121,2002
26,7.2,0.39,4,1,121,2003
11,8.1,0.17,2.2,1,121,2004
22,5.7,0.58,7.9,1,121,2005
21,7.4,0.6,2.1,1,121,2006
19,0,0.78,3.4,1,121,2007
18,7.9,0.75,2.9,1,121,2008
22,2.5,0.54,4.1,1,121,2009
18,3.2,0.61,3.2,1,121,2010
18,8.2,0.55,5.6,1,121,2011
26,5.2,0.78,6.9,1,121,2012
34,9.7,0.12,3.4,1,121,2013
35,3.3,0.51,4,1,121,2014
13,5.2,0.73,4.1,1,121,2015
16,0.2,0.15,6.5,1,121,2016
16,3.3,0.2,5.6,1,121,2017
14,8.1,0.41,5.5,1,121,2018
42,5.1,0.28,8,1,121,2019
21,2.1,0.45,7,1,121,2020
9,0.9,0.77,7.6,1,121,2021
20,6.5,0.09,2.8,1,121,2022
15,2.9,0.32,7.3,1,121,2023
17,8.8,0.31,3.7,1,121,2024
22,5.9,0.56,2.4,3,122,2000
15,3,0.52,7.6,3,122,2001
20,5.4,0.76,5,3,122,2002
17,3.4,0.33,4,3,122,2003
15,4.2,0.44,2.2,3,122,2004
9,0,0.51,7.9,3,122,2005
24,0,0.53,2.1,3,122,2006
28,5.3,0.31,3.4,3,122,2007
24,7.9,0.33,2.9,3,122,2008
16,5.2,0.24,4.1,3,122,2009
27,9.5,0.16,3.2,3,122,2010
13,4.7,0.19,5.6,3,122,2011
20,6,0.41,6.9,3,122,2012
27,10.4,0.54,3.4,3,122,2013
22,8.7,0.22,4,3,122,2014
22,5.8,0.56,4.1,3,122,2015
13,1.7,0.41,6.5,3,122,2016
24,2.6,0.16,5.6,3,122,2017
26,8.1,0.36,5.5,3,122,2018
21,9.6,0.77,8,3,122,2019
18,7,0.61,7,3,122,2020
6,6.1,0.68,7.6,3,122,2021
35,3.1,0.19,2.8,3,122,2022
26,4.5,0.54,7.3,3,122,2023
17,1.1,0.29,3.7,3,122,2024
22,5.7,0.75,2.4,2,123,2000
22,9.5,0.25,7.6,2,123,2001
9,0,0.52,5,2,123,2002
36,8.8,0.66,4,2,123,2003
27,6.2,0.25,2.2,2,123,2004
15,3.7,0.67,7.9,2,123,2005
17,0,0.33,2.1,2,123,2006
16,2.1,0.36,3.4,2,123,2007
23,7.8,0.14,2.9,2,123,2008
27,6.7,0.01,4.1,2,123,2009
12,0.7,0.52,3.2,2,123,2010
19,6.9,0.2,5.6,2,123,2011
30,6,0.76,6.9,2,123,2012
22,9.1,0.55,3.4,2,123,2013
33,1.2,0.08,4,2,123,2014
25,11.5,0.22,4.1,2,123,2015
14,0,0.27,6.5,2,123,2016
23,2.6,0.08,5.6,2,123,2017
23,3.6,0.14,5.5,2,123,2018
19,3.9,0.77,8,2,123,2019
9,0,0.52,7,2,123,2020
17,3.5,0.04,7.6,2,123,2021
21,1.6,0.01,2.8,2,123,2022
25,0.3,0.07,7.3,2,123,2023
15,5.5,0.41,3.7,2,123,2024
29,9.4,0.19,2.4,3,124,2000
14,4.3,0.78,7.6,3,124,2001
39,9.3,0.04,5,3,124,2002
41,9.9,0.38,4,3,124,2003
9,3,0.21,2.2,3,124,2004
27,6.9,0.06,7.9,3,124,2005
30,5.3,0.54,2.1,3,124,2006
21,0,0.69,3.4,3,124,2007
24,8.2,0.17,2.9,3,124,2008
14,3,0.68,4.1,3,124,2009
23,9.3,0.66,3.2,3,124,2010
16,6.8,0.36,5.6,3,124,2011
21,0,0.06,6.9,3,124,2012
34,6.2,0.12,3.4,3,124,2013
24,8,0.3,4,3,124,2014
14,6.1,0.63,4.1,3,124,2015
22,4.5,0.28,6.5,3,124,2016
28,7.7,0.68,5.6,3,124,2017
14,5.3,0.17,5.5,3,124,2018
18,1,0.31,8,3,124,2019
19,5.1,0.4,7,3,124,2020
14,4.2,0.07,7.6,3,124,2021
37,9.3,0.39,2.8,3,124,2022
17,4.6,0.65,7.3,3,124,2023
28,8.8,0.16,3.7,3,124,2024
42,8.8,0.15,2.4,4,125,2000
14,5.3,0.6,7.6,4,125,2001
13,1.4,0.37,5,4,125,2002
20,5.9,0.68,4,4,125,2003
15,4.7,0.16,2.2,4,125,2004
30,3.2,0.19,7.9,4,125,2005
39,5,0.62,2.1,4,125,2006
12,0.7,0.63,3.4,4,125,2007
21,1.6,0.63,2.9,4,125,2008
13,5.2,0.8,4.1,4,125,2009
16,2.3,0.13,3.2,4,125,2010
11,4.2,0.15,5.6,4,125,2011
24,8,0.19,6.9,4,125,2012
20,4.6,0.78,3.4,4,125,2013
21,5.9,0.27,4,4,125,2014
43,9.3,0.38,4.1,4,125,2015
14,4.7,0.36,6.5,4,125,2016
32,5.1,0.15,5.6,4,125,2017
19,6.3,0.69,5.5,4,125,2018
35,6.8,0.2,8,4,125,2019
16,3.5,0.53,7,4,125,2020
8,3,0.52,7.6,4,125,2021
26,6.5,0.51,2.8,4,125,2022
19,8.6,0.62,7.3,4,125,2023
10,3.3,0.14,3.7,4,125,2024
29,7,0.79,2.4,1,126,2000
22,0,0.12,7.6,1,126,2001
20,7.4,0.7,5,1,126,2002
27,4.1,0.19,4,1,126,2003
19,3.1,0.09,2.2,1,126,2004
16,3.7,0.02,7.9,1,126,2005
20,5.4,0.35,2.1,1,126,2006
27,7.7,0.09,3.4,1,126,2007
30,9.5,0.1,2.9,1,126,2008
17,5.3,0.67,4.1,1,126,2009
10,3.2,0.74,3.2,1,126,2010
18,3.5,0.03,5.6,1,126,2011
23,3.8,0.22,6.9,1,126,2012
26,8.4,0.43,3.4,1,126,2013
39,11.2,0.22,4,1,126,2014
22,8.7,0.18,4.1,1,126,2015
20,3.5,0.16,6.5,1,126,2016
30,4.3,0.34,5.6,1,126,2017
24,6.6,0.61,5.5,1,126,2018
29,4.8,0.43,8,1,126,2019
11,4,0.71,7,1,126,2020
9,5.5,0.11,7.6,1,126,2021
29,5.3,0.53,2.8,1,126,2022
26,2.9,0.34,7.3,1,126,2023
21,5.8,0.35,3.7,1,126,2024
39,6.1,0.42,2.4,3,127,2000
15,7.7,0.79,7.6,3,127,2001
6,0.9,0.55,5,3,127,2002
39,5.5,0.01,4,3,127,2003
22,3.7,0.26,2.2,3,127,2004
21,7.8,0.01,7.9,3,127,2005
39,12.7,0.77,2.1,3,127,2006
16,5.8,0.14,3.4,3,127,2007
20,5,0.76,2.9,3,127,2008
24,4.4,0.11,4.1,3,127,2009
16,8.7,0.69,3.2,3,127,2010
10,14,0.79,5.6,3,127,2011
31,6.3,0.69,6.9,3,127,2012
12,3.2,0.44,3.4,3,127,2013
31,5.4,0.52,4,3,127,2014
28,7.3,0.53,4.1,3,127,2015
12,1.1,0.65,6.5,3,127,2016
16,2.7,0.05,5.6,3,127,2017
21,4.8,0,5.5,3,127,2018
36,5.3,0.31,8,3,127,2019
22,2.3,0.36,7,3,127,2020
13,2.8,0.24,7.6,3,127,2021
27,7.4,0.08,2.8,3,127,2022
11,9.2,0.16,7.3,3,127,2023
21,5.6,0.19,3.7,3,127,2024
19,3.3,0.46,2.4,2,128,2000
26,6.7,0.31,7.6,2,128,2001
14,2.1,0.03,5,2,128,2002
28,2.2,0.29,4,2,128,2003
16,0.5,0.71,2.2,2,128,2004
20,6.1,0.8,7.9,2,128,2005
35,4.8,0.34,2.1,2,128,2006
20,7.5,0.08,3.4,2,128,2007
31,5,0.71,2.9,2,128,2008
16,4.3,0.71,4.1,2,128,2009
20,6.1,0.24,3.2,2,128,2010
16,5.9,0.14,5.6,2,128,2011
25,8.4,0.7,6.9,2,128,2012
18,7.2,0.48,3.4,2,128,2013
20,5.2,0.15,4,2,128,2014
16,10.7,0.54,4.1,2,128,2015
27,7.7,0.04,6.5,2,128,2016
37,5.4,0.21,5.6,2,128,2017
14,9,0.07,5.5,2,128,2018
13,5,0.73,8,2,128,2019
20,7.6,0.18,7,2,128,2020
12,4.1,0.57,7.6,2,128,2021
40,6.3,0.56,2.8,2,128,2022
14,7.4,0.67,7.3,2,128,2023
20,3.4,0.76,3.7,2,128,2024
32,4.9,0.12,2.4,4,129,2000
9,5,0.44,7.6,4,129,2001
18,0,0.67,5,4,129,2002
18,8.2,0.63,4,4,129,2003
14,6.1,0.16,2.2,4,129,2004
11,3.9,0.78,7.9,4,129,2005
21,2.7,0.46,2.1,4,129,2006
23,5.7,0,3.4,4,129,2007
22,6.6,0.5,2.9,4,129,2008
22,3.6,0.58,4.1,4,129,2009
21,8,0.4,3.2,4,129,2010
12,3,0.49,5.6,4,129,2011
17,5.9,0.37,6.9,4,129,2012
12,6.9,0.53,3.4,4,129,2013
20,3.6,0.06,4,4,129,2014
20,6.5,0.78,4.1,4,129,2015
26,2.4,0.11,6.5,4,129,2016
30,2.5,0.4,5.6,4,129,2017
14,4.6,0.54,5.5,4,129,2018
15,0.8,0.59,8,4,129,2019
27,6.9,0.32,7,4,129,2020
10,7.9,0.7,7.6,4,129,2021
31,9.4,0.3,2.8,4,129,2022
20,9.3,0.67,7.3,4,129,2023
42,11.9,0.03,3.7,4,129,2024
27,3.4,0.38,2.4,4,130,2000
13,3.1,0.18,7.6,4,130,2001
11,0.2,0.52,5,4,130,2002
17,8,0.06,4,4,130,2003
12,0.5,0.5,2.2,4,130,2004
41,1.8,0.44,7.9,4,130,2005
57,11.8,0.22,2.1,4,130,2006
13,3.2,0.07,3.4,4,130,2007
30,7.5,0.68,2.9,4,130,2008
28,5.8,0.09,4.1,4,130,2009
35,10.6,0.78,3.2,4,130,2010
13,7.5,0.36,5.6,4,130,2011
26,7.5,0.53,6.9,4,130,2012
34,3.1,0.74,3.4,4,130,2013
61,6.1,0.01,4,4,130,2014
30,10.3,0.73,4.1,4,130,2015
26,0.9,0.19,6.5,4,130,2016
21,3.3,0.08,5.6,4,130,2017
16,4.8,0.52,5.5,4,130,2018
19,4.6,0.19,8,4,130,2019
23,11.4,0.62,7,4,130,2020
11,8.6,0.04,7.6,4,130,2021
32,5.8,0.73,2.8,4,130,2022
9,5,0.74,7.3,4,130,2023
14,6.3,0.52,3.7,4,130,2024
17,2.8,0.76,2.4,5,131,2000
18,10.3,0.4,7.6,5,131,2001
13,10,0.18,5,5,131,2002
25,4.3,0.35,4,5,131,2003
46,12.2,0.18,2.2,5,131,2004
34,9.6,0.26,7.9,5,131,2005
23,0,0.34,2.1,5,131,2006
21,4,0.19,3.4,5,131,2007
31,4.9,0.2,2.9,5,131,2008
16,6.8,0.4,4.1,5,131,2009
23,3.2,0.71,3.2,5,131,2010
13,6.9,0.66,5.6,5,131,2011
9,3.6,0.59,6.9,5,131,2012
19,1.2,0.04,3.4,5,131,2013
29,6.6,0.21,4,5,131,2014
9,7.5,0.6,4.1,5,131,2015
20,1.5,0.17,6.5,5,131,2016
27,6.7,0.6,5.6,5,131,2017
14,4.9,0.46,5.5,5,131,2018
20,2.2,0.61,8,5,131,2019
14,5.6,0.64,7,5,131,2020
9,4,0.77,7.6,5,131,2021
28,5.7,0.43,2.8,5,131,2022
12,6.3,0.52,7.3,5,131,2023
12,2,0.07,3.7,5,131,2024
31,9.8,0.27,2.4,1,132,2000
21,8.6,0.67,7.6,1,132,2001
9,6.5,0.66,5,1,132,2002
50,6.9,0.54,4,1,132,2003
22,6.4,0.68,2.2,1,132,2004
22,7.4,0.59,7.9,1,132,2005
37,6.6,0.22,2.1,1,132,2006
22,4.2,0.65,3.4,1,132,2007
14,4.1,0.73,2.9,1,132,2008
21,9.6,0.41,4.1,1,132,2009
21,12.2,0.77,3.2,1,132,2010
15,6.4,0.23,5.6,1,132,2011
21,0.4,0.24,6.9,1,132,2012
42,9.1,0.31,3.4,1,132,2013
28,3.7,0.25,4,1,132,2014
17,1.5,0.47,4.1,1,132,2015
19,8.7,0.34,6.5,1,132,2016
21,2.1,0.05,5.6,1,132,2017
17,5.2,0.49,5.5,1,132,2018
12,0,0.79,8,1,132,2019
20,5.7,0.03,7,1,132,2020
12,1.7,0.19,7.6,1,132,2021
12,2.7,0.67,2.8,1,132,2022
21,10.6,0.54,7.3,1,132,2023
17,5.6,0.13,3.7,1,132,2024
22,3.5,0.8,2.4,1,133,2000
16,5.6,0.64,7.6,1,133,2001
8,3.4,0.41,5,1,133,2002
29,2.1,0.17,4,1,133,2003
21,6.4,0.73,2.2,1,133,2004
24,2.2,0.17,7.9,1,133,2005
28,3.1,0.36,2.1,1,133,2006
16,5.9,0.77,3.4,1,133,2007
13,3.5,0.53,2.9,1,133,2008
18,3.2,0.78,4.1,1,133,2009
14,7.2,0.24,3.2,1,133,2010
11,5.8,0.6,5.6,1,133,2011
31,3.4,0.31,6.9,1,133,2012
28,8.7,0.4,3.4,1,133,2013
37,1.2,0.03,4,1,133,2014
17,2.3,0.33,4.1,1,133,2015
15,3.3,0.58,6.5,1,133,2016
28,4.9,0.03,5.6,1,133,2017
15,5.9,0.51,5.5,1,133,2018
19,2.2,0.14,8,1,133,2019
15,2.6,0.32,7,1,133,2020
14,3.2,0.43,7.6,1,133,2021
28,7.3,0.68,2.8,1,133,2022
16,2.8,0.54,7.3,1,133,2023
15,4.8,0.43,3.7,1,133,2024
23,10.9,0.61,2.4,2,134,2000
25,7.6,0.61,7.6,2,134,2001
30,8.1,0.06,5,2,134,2002
28,3.4,0.71,4,2,134,2003
17,1,0.71,2.2,2,134,2004
32,4.3,0.03,7.9,2,134,2005
23,4.9,0.1,2.1,2,134,2006
22,7.7,0.04,3.4,2,134,2007
16,2.8,0.15,2.9,2,134,2008
9,0,0.2,4.1,2,134,2009
13,1.4,0.64,3.2,2,134,2010
14,1.1,0.2,5.6,2,134,2011
52,6.8,0.22,6.9,2,134,2012
38,2.1,0.18,3.4,2,134,2013
13,1.4,0.78,4,2,134,2014
16,0.6,0.12,4.1,2,134,2015
17,0,0.49,6.5,2,134,2016
20,0.7,0.3,5.6,2,134,2017
8,4.4,0.64,5.5,2,134,2018
27,7.4,0.51,8,2,134,2019
15,4.9,0.18,7,2,134,2020
9,5.9,0.66,7.6,2,134,2021
27,7.2,0.02,2.8,2,134,2022
13,2.8,0.73,7.3,2,134,2023
22,3.7,0.47,3.7,2,134,2024
13,0.9,0.5,2.4,4,135,2000
11,4.1,0.78,7.6,4,135,2001
7,0,0.69,5,4,135,2002
23,3,0.76,4,4,135,2003
17,2.6,0.7,2.2,4,135,2004
17,4.5,0.04,7.9,4,135,2005
33,5.2,0.2,2.1,4,135,2006
19,6.6,0.68,3.4,4,135,2007
13,0.8,0.22,2.9,4,135,2008
31,4.2,0.39,4.1,4,135,2009
20,4.4,0.28,3.2,4,135,2010
8,3.1,0.74,5.6,4,135,2011
13,7.9,0.6,6.9,4,135,2012
33,7.4,0.09,3.4,4,135,2013
21,1.2,0.11,4,4,135,2014
24,8.9,0.47,4.1,4,135,2015
20,6.1,0.5,6.5,4,135,2016
40,7.5,0.65,5.6,4,135,2017
19,3.9,0.42,5.5,4,135,2018
27,10.8,0.27,8,4,135,2019
19,4.7,0.14,7,4,135,2020
11,4,0.01,7.6,4,135,2021
20,4.1,0.3,2.8,4,135,2022
28,8.7,0.35,7.3,4,135,2023
27,5.6,0.2,3.7,4,135,2024
22,3.7,0.69,2.4,3,136,2000
14,0.6,0.03,7.6,3,136,2001
13,7.8,0.06,5,3,136,2002
34,0,0.39,4,3,136,2003
24,3,0.14,2.2,3,136,2004
13,6.5,0.47,7.9,3,136,2005
27,5.6,0.52,2.1,3,136,2006
31,3.2,0.8,3.4,3,136,2007
25,2.6,0.75,2.9,3,136,2008
18,5.5,0.59,4.1,3,136,2009
16,3.6,0.19,3.2,3,136,2010
13,6.1,0.48,5.6,3,136,2011
15,5.4,0.44,6.9,3,136,2012
27,3.5,0.37,3.4,3,136,2013
23,6.1,0.14,4,3,136,2014
27,4.6,0.15,4.1,3,136,2015
11,3.8,0.1,6.5,3,136,2016
15,5.1,0.26,5.6,3,136,2017
25,11.4,0.26,5.5,3,136,2018
17,1.3,0.11,8,3,136,2019
33,8.1,0.71,7,3,136,2020
12,10.1,0.49,7.6,3,136,2021
29,7,0.5,2.8,3,136,2022
32,9,0.08,7.3,3,136,2023
21,3.1,0.16,3.7,3,136,2024
15,0,0.19,2.4,2,137,2000
15,4.6,0.28,7.6,2,137,2001
16,4.4,0.53,5,2,137,2002
32,6.4,0.23,4,2,137,2003
23,2.8,0.55,2.2,2,137,2004
15,2.9,0.5,7.9,2,137,2005
21,1.3,0.75,2.1,2,137,2006
31,5.5,0.12,3.4,2,137,2007
19,5.2,0.14,2.9,2,137,2008
24,1.9,0.51,4.1,2,137,2009
20,0.7,0.42,3.2,2,137,2010
11,3.3,0.68,5.6,2,137,2011
29,7.5,0.68,6.9,2,137,2012
15,2.1,0.59,3.4,2,137,2013
36,5.7,0.28,4,2,137,2014
23,9.2,0.09,4.1,2,137,2015
15,0,0.61,6.5,2,137,2016
24,6.7,0.61,5.6,2,137,2017
25,5.3,0.03,5.5,2,137,2018
19,4.6,0.26,8,2,137,2019
32,9.4,0.15,7,2,137,2020
15,3.7,0.41,7.6,2,137,2021
22,1.2,0.1,2.8,2,137,2022
18,3.6,0.15,7.3,2,137,2023
12,2,0.2,3.7,2,137,2024
23,5.6,0.73,2.4,5,138,2000
25,4.6,0.1,7.6,5,138,2001
15,3.2,0.3,5,5,138,2002
39,6.1,0.2,4,5,138,2003
34,9.8,0.72,2.2,5,138,2004
26,1.3,0.12,7.9,5,138,2005
17,7.8,0.49,2.1,5,138,2006
21,4.2,0.11,3.4,5,138,2007
36,4.8,0.2,2.9,5,138,2008
20,2.2,0.56,4.1,5,138,2009
10,2.5,0.57,3.2,5,138,2010
8,0.6,0.25,5.6,5,138,2011
20,5.6,0.1,6.9,5,138,2012
31,7.9,0.09,3.4,5,138,2013
15,0.1,0.4,4,5,138,2014
18,4.8,0.3,4.1,5,138,2015
15,3,0.71,6.5,5,138,2016
20,8.2,0.64,5.6,5,138,2017
23,2.4,0.18,5.5,5,138,2018
23,5.5,0.2,8,5,138,2019
14,3.2,0.63,7,5,138,2020
10,5.1,0.33,7.6,5,138,2021
21,5.3,0.64,2.8,5,138,2022
9,0,0.11,7.3,5,138,2023
16,7.8,0.14,3.7,5,138,2024
16,2.8,0.67,2.4,5,139,2000
21,6.2,0.62,7.6,5,139,2001
11,7.9,0.36,5,5,139,2002
20,1.5,0.52,4,5,139,2003
15,5.7,0.73,2.2,5,139,2004
22,3.1,0.45,7.9,5,139,2005
20,4.1,0.63,2.1,5,139,2006
13,1,0.52,3.4,5,139,2007
14,2.7,0.29,2.9,5,139,2008
16,5.8,0.59,4.1,5,139,2009
16,2.5,0.42,3.2,5,139,2010
8,9.7,0.73,5.6,5,139,2011
24,9.1,0.35,6.9,5,139,2012
24,7.2,0.54,3.4,5,139,2013
27,5.3,0.34,4,5,139,2014
18,6.8,0.02,4.1,5,139,2015
15,7.5,0.53,6.5,5,139,2016
14,4.8,0.37,5.6,5,139,2017
22,0,0.74,5.5,5,139,2018
23,3,0.48,8,5,139,2019
17,5.4,0.45,7,5,139,2020
10,0.7,0.42,7.6,5,139,2021
26,4.8,0.77,2.8,5,139,2022
20,6.2,0.7,7.3,5,139,2023
16,6.2,0.18,3.7,5,139,2024
22,7.9,0.48,2.4,4,140,2000
11,3,0.51,7.6,4,140,2001
19,4.6,0.12,5,4,140,2002
32,2.6,0.08,4,4,140,2003
10,2,0.69,2.2,4,140,2004
29,9.2,0.05,7.9,4,140,2005
38,6.7,0.27,2.1,4,140,2006
27,11,0.46,3.4,4,140,2007
15,5.8,0.68,2.9,4,140,2008
32,7.5,0.26,4.1,4,140,2009
10,2.6,0.66,3.2,4,140,2010
9,10.7,0.69,5.6,4,140,2011
30,9.6,0.01,6.9,4,140,2012
26,0.1,0.2,3.4,4,140,2013
7,0.9,0.76,4,4,140,2014
24,0.5,0.78,4.1,4,140,2015
14,5.6,0.53,6.5,4,140,2016
14,3.6,0.19,5.6,4,140,2017
32,3.4,0.1,5.5,4,140,2018
15,4.6,0.1,8,4,140,2019
22,2,0.64,7,4,140,2020
11,5.3,0.24,7.6,4,140,2021
16,1.9,0.48,2.8,4,140,2022
7,2.2,0.69,7.3,4,140,2023
24,6.2,0.11,3.7,4,140,2024
17,3.1,0.65,2.4,3,141,2000
15,5.4,0.36,7.6,3,141,2001
15,6.6,0.14,5,3,141,2002
37,5,0.57,4,3,141,2003
20,8,0.76,2.2,3,141,2004
35,4.9,0.05,7.9,3,141,2005
33,1.7,0.1,2.1,3,141,2006
14,3.2,0.16,3.4,3,141,2007
20,1.8,0.04,2.9,3,141,2008
18,3.8,0.72,4.1,3,141,2009
30,2.6,0.23,3.2,3,141,2010
9,0.3,0.14,5.6,3,141,2011
14,3.7,0.06,6.9,3,141,2012
36,8.2,0.23,3.4,3,141,2013
19,2.5,0.77,4,3,141,2014
19,8.9,0.19,4.1,3,141,2015
22,3.1,0.18,6.5,3,141,2016
18,2,0.06,5.6,3,141,2017
13,1.8,0.5,5.5,3,141,2018
31,6.6,0.47,8,3,141,2019
11,0.9,0.39,7,3,141,2020
13,5.5,0.5,7.6,3,141,2021
20,3.1,0.32,2.8,3,141,2022
30,6.2,0.21,7.3,3,141,2023
8,5.7,0.09,3.7,3,141,2024
22,7.9,0.3,2.4,2,142,2000
13,5.4,0.38,7.6,2,142,2001
13,3.4,0.38,5,2,142,2002
26,1.2,0.34,4,2,142,2003
26,5.8,0.13,2.2,2,142,2004
19,5.9,0.6,7.9,2,142,2005
13,2.9,0.63,2.1,2,142,2006
16,0,0.36,3.4,2,142,2007
15,4.9,0.67,2.9,2,142,2008
38,7.8,0.08,4.1,2,142,2009
16,5.7,0.09,3.2,2,142,2010
8,1.6,0.34,5.6,2,142,2011
19,0,0.24,6.9,2,142,2012
19,7.1,0.45,3.4,2,142,2013
48,9.4,0.37,4,2,142,2014
20,1.1,0.34,4.1,2,142,2015
26,3.9,0.5,6.5,2,142,2016
30,5.9,0.17,5.6,2,142,2017
28,11.5,0.5,5.5,2,142,2018
23,5.2,0.78,8,2,142,2019
35,11.8,0.46,7,2,142,2020
13,9.5,0.47,7.6,2,142,2021
23,4.7,0.12,2.8,2,142,2022
11,0,0.45,7.3,2,142,2023
12,5.9,0.68,3.7,2,142,2024
32,2.7,0.58,2.4,3,143,2000
12,3.7,0.71,7.6,3,143,2001
19,9,0.4,5,3,143,2002
43,4.9,0.49,4,3,143,2003
32,10.7,0.06,2.2,3,143,2004
14,2.5,0.02,7.9,3,143,2005
14,1.4,0.79,2.1,3,143,2006
20,10.5,0.24,3.4,3,143,2007
12,4.3,0.71,2.9,3,143,2008
19,2.5,0.71,4.1,3,143,2009
22,3.6,0.16,3.2,3,143,2010
9,0.9,0.69,5.6,3,143,2011
23,6.1,0.38,6.9,3,143,2012
31,3.9,0.62,3.4,3,143,2013
17,5.2,0.62,4,3,143,2014
19,2.4,0.33,4.1,3,143,2015
23,8.6,0.61,6.5,3,143,2016
14,3.5,0.01,5.6,3,143,2017
12,0,0.16,5.5,3,143,2018
21,7.5,0.62,8,3,143,2019
21,3.2,0.51,7,3,143,2020
12,2.1,0.51,7.6,3,143,2021
32,0.7,0.43,2.8,3,143,2022
24,4,0.03,7.3,3,143,2023
17,10.2,0.72,3.7,3,143,2024
27,4.7,0.36,2.4,3,144,2000
37,8,0.71,7.6,3,144,2001
11,9.8,0.58,5,3,144,2002
23,1.6,0.73,4,3,144,2003
18,3.8,0.51,2.2,3,144,2004
11,2.7,0.56,7.9,3,144,2005
21,5.8,0.49,2.1,3,144,2006
23,9.1,0.48,3.4,3,144,2007
16,0,0.13,2.9,3,144,2008
15,2.8,0.67,4.1,3,144,2009
21,5.5,0.46,3.2,3,144,2010
12,0,0.78,5.6,3,144,2011
19,3.4,0.25,6.9,3,144,2012
19,3.9,0.61,3.4,3,144,2013
33,0,0.13,4,3,144,2014
12,4.5,0.67,4.1,3,144,2015
19,5.6,0.5,6.5,3,144,2016
33,6.9,0.02,5.6,3,144,2017
10,3.2,0.64,5.5,3,144,2018
31,4.6,0.17,8,3,144,2019
18,4.5,0.24,7,3,144,2020
9,5.5,0.56,7.6,3,144,2021
16,1.2,0.69,2.8,3,144,2022
9,4.5,0.51,7.3,3,144,2023
14,7.3,0.64,3.7,3,144,2024
30,9.2,0.27,2.4,4,145,2000
12,2.1,0.23,7.6,4,145,2001
21,5.2,0.52,5,4,145,2002
56,11.3,0.11,4,4,145,2003
32,7.4,0.39,2.2,4,145,2004
15,0,0.58,7.9,4,145,2005
23,4.7,0.35,2.1,4,145,2006
28,8.1,0.4,3.4,4,145,2007
22,2.8,0.65,2.9,4,145,2008
17,4.8,0.15,4.1,4,145,2009
17,7,0.71,3.2,4,145,2010
11,7.7,0.36,5.6,4,145,2011
22,2.1,0.66,6.9,4,145,2012
30,2.1,0.34,3.4,4,145,2013
26,9.5,0.77,4,4,145,2014
20,4.1,0.1,4.1,4,145,2015
15,6.2,0.79,6.5,4,145,2016
15,0.7,0.22,5.6,4,145,2017
21,6.8,0.21,5.5,4,145,2018
28,5.6,0.75,8,4,145,2019
17,6.8,0.16,7,4,145,2020
9,8.8,0.44,7.6,4,145,2021
18,3.8,0.76,2.8,4,145,2022
12,7.4,0.79,7.3,4,145,2023
12,0,0.63,3.7,4,145,2024
14,1.3,0.39,2.4,4,146,2000
24,5.6,0.64,7.6,4,146,2001
19,5.1,0.62,5,4,146,2002
19,0,0.44,4,4,146,2003
20,6.4,0.45,2.2,4,146,2004
13,4.6,0.32,7.9,4,146,2005
35,5,0.09,2.1,4,146,2006
8,0.7,0.78,3.4,4,146,2007
38,9.5,0.32,2.9,4,146,2008
15,4.1,0.39,4.1,4,146,2009
30,0,0.5,3.2,4,146,2010
11,7,0.6,5.6,4,146,2011
26,6.5,0.73,6.9,4,146,2012
42,5.8,0.27,3.4,4,146,2013
44,0,0.08,4,4,146,2014
12,4.4,0.78,4.1,4,146,2015
20,1.8,0.52,6.5,4,146,2016
23,4.6,0.51,5.6,4,146,2017
28,6.9,0.67,5.5,4,146,2018
18,6.1,0.78,8,4,146,2019
32,11,0.19,7,4,146,2020
14,3.5,0.74,7.6,4,146,2021
23,3.8,0.58,2.8,4,146,2022
12,4.4,0.01,7.3,4,146,2023
25,4.8,0.4,3.7,4,146,2024
29,6.6,0.79,2.4,1,147,2000
28,9.5,0.64,7.6,1,147,2001
18,8.5,0.8,5,1,147,2002
34,7.9,0.34,4,1,147,2003
13,5.2,0.55,2.2,1,147,2004
26,4.7,0.29,7.9,1,147,2005
32,9.3,0.21,2.1,1,147,2006
15,5.2,0.58,3.4,1,147,2007
21,3.5,0.54,2.9,1,147,2008
10,5.5,0.66,4.1,1,147,2009
28,4,0.03,3.2,1,147,2010
21,7.2,0.09,5.6,1,147,2011
21,6.3,0.42,6.9,1,147,2012
28,1.9,0.42,3.4,1,147,2013
33,8.4,0.41,4,1,147,2014
10,4,0.78,4.1,1,147,2015
12,0,0.58,6.5,1,147,2016
13,3.1,0.24,5.6,1,147,2017
35,9.9,0.59,5.5,1,147,2018
34,5.9,0.04,8,1,147,2019
20,5.6,0.21,7,1,147,2020
12,3.6,0.1,7.6,1,147,2021
45,10.9,0.07,2.8,1,147,2022
17,0,0.35,7.3,1,147,2023
21,3.9,0,3.7,1,147,2024
21,2.7,0.64,2.4,1,148,2000
17,3.5,0.01,7.6,1,148,2001
17,6.7,0.38,5,1,148,2002
30,6.6,0.32,4,1,148,2003
16,2.8,0.34,2.2,1,148,2004
18,1.7,0.31,7.9,1,148,2005
34,6,0.27,2.1,1,148,2006
15,0.5,0.73,3.4,1,148,2007
10,1.5,0.16,2.9,1,148,2008
34,6.4,0.27,4.1,1,148,2009
16,7,0.48,3.2,1,148,2010
10,1.6,0.47,5.6,1,148,2011
12,3.9,0.77,6.9,1,148,2012
29,4,0.47,3.4,1,148,2013
11,1.8,0.68,4,1,148,2014
28,4.4,0.37,4.1,1,148,2015
14,4.4,0.73,6.5,1,148,2016
24,4.9,0.18,5.6,1,148,2017
28,5.8,0.57,5.5,1,148,2018
26,9.5,0.08,8,1,148,2019
12,0,0.08,7,1,148,2020
10,7.2,0.72,7.6,1,148,2021
34,4.9,0.25,2.8,1,148,2022
19,8.6,0.77,7.3,1,148,2023
14,0,0.56,3.7,1,148,2024
19,2.9,0.42,2.4,5,149,2000
12,0,0.42,7.6,5,149,2001
19,7.1,0.5,5,5,149,2002
36,5.8,0.31,4,5,149,2003
22,2.3,0.27,2.2,5,149,2004
14,0,0.26,7.9,5,149,2005
38,3.1,0.28,2.1,5,149,2006
21,7.3,0.45,3.4,5,149,2007
30,9.4,0.19,2.9,5,149,2008
17,6.3,0.43,4.1,5,149,2009
19,5.4,0.38,3.2,5,149,2010
13,7.3,0.64,5.6,5,149,2011
21,5.7,0.38,6.9,5,149,2012
31,10.3,0.5,3.4,5,149,2013
27,1.6,0.05,4,5,149,2014
26,9.1,0.46,4.1,5,149,2015
15,6.4,0.07,6.5,5,149,2016
15,6.7,0.37,5.6,5,149,2017
23,2.2,0.15,5.5,5,149,2018
47,6.4,0.22,8,5,149,2019
26,7.8,0.43,7,5,149,2020
8,4.9,0.77,7.6,5,149,2021
44,10.8,0.32,2.8,5,149,2022
17,3.7,0.32,7.3,5,149,2023
12,0.6,0.69,3.7,5,149,2024
17,2.7,0.21,2.4,1,150,2000
18,1.9,0.64,7.6,1,150,2001
16,7.7,0,5,1,150,2002
20,6.9,0.44,4,1,150,2003
16,9.7,0.47,2.2,1,150,2004
13,8.1,0.78,7.9,1,150,2005
46,5.5,0.02,2.1,1,150,2006
15,6.3,0.46,3.4,1,150,2007
19,3.5,0.03,2.9,1,150,2008
25,7.1,0.35,4.1,1,150,2009
22,4.2,0.29,3.2,1,150,2010
10,6,0.11,5.6,1,150,2011
31,9.5,0.48,6.9,1,150,2012
21,8.6,0.6,3.4,1,150,2013
43,4.6,0.62,4,1,150,2014
30,5.7,0.43,4.1,1,150,2015
13,5.4,0.2,6.5,1,150,2016
31,9.3,0.22,5.6,1,150,2017
22,6.9,0.06,5.5,1,150,2018
16,9.7,0.58,8,1,150,2019
10,0.7,0.07,7,1,150,2020
11,3.4,0.74,7.6,1,150,2021
29,4.6,0.2,2.8,1,150,2022
26,13.4,0.75,7.3,1,150,2023
17,4.9,0.37,3.7,1,150,2024
24,5.2,0.53,2.4,2,151,2000
16,4,0.59,7.6,2,151,2001
9,3.9,0.16,5,2,151,2002
17,0,0.52,4,2,151,2003
19,5.7,0.32,2.2,2,151,2004
15,1.7,0.63,7.9,2,151,2005
23,7.7,0.2,2.1,2,151,2006
27,6.9,0.09,3.4,2,151,2007
14,8.4,0.1,2.9,2,151,2008
12,0.4,0.75,4.1,2,151,2009
17,5.5,0.64,3.2,2,151,2010
12,4,0.79,5.6,2,151,2011
22,4.8,0.55,6.9,2,151,2012
22,2.8,0.21,3.4,2,151,2013
21,1.8,0.15,4,2,151,2014
10,2.5,0.68,4.1,2,151,2015
15,2.5,0.76,6.5,2,151,2016
19,6.3,0.48,5.6,2,151,2017
15,0,0.45,5.5,2,151,2018
27,8.6,0.62,8,2,151,2019
20,2.2,0.35,7,2,151,2020
7,0,0.55,7.6,2,151,2021
64,10.7,0.15,2.8,2,151,2022
12,6.6,0.52,7.3,2,151,2023
10,4.5,0.71,3.7,2,151,2024
12,5.5,0.78,2.4,2,152,2000
26,5.9,0.31,7.6,2,152,2001
20,1.8,0.08,5,2,152,2002
47,2.4,0.09,4,2,152,2003
27,6.2,0.29,2.2,2,152,2004
15,7.8,0.18,7.9,2,152,2005
30,0,0.69,2.1,2,152,2006
17,5.7,0.63,3.4,2,152,2007
15,3.3,0.02,2.9,2,152,2008
12,2.5,0.34,4.1,2,152,2009
34,5.8,0.32,3.2,2,152,2010
6,2.3,0.72,5.6,2,152,2011
20,1.9,0.38,6.9,2,152,2012
36,4.5,0.29,3.4,2,152,2013
17,0,0.4,4,2,152,2014
20,5.2,0.33,4.1,2,152,2015
16,5.6,0.47,6.5,2,152,2016
36,3.4,0.43,5.6,2,152,2017
13,4.7,0.13,5.5,2,152,2018
20,5.2,0.68,8,2,152,2019
17,7.4,0.69,7,2,152,2020
9,0.2,0,7.6,2,152,2021
13,3.8,0.72,2.8,2,152,2022
22,5.7,0.54,7.3,2,152,2023
19,10.8,0.43,3.7,2,152,2024
34,9.9,0.31,2.4,5,153,2000
48,10.2,0.06,7.6,5,153,2001
9,1.1,0.14,5,5,153,2002
24,5.6,0.46,4,5,153,2003
26,5.1,0.2,2.2,5,153,2004
11,3.5,0.11,7.9,5,153,2005
26,6.7,0.76,2.1,5,153,2006
21,3.4,0.12,3.4,5,153,2007
14,4.7,0.77,2.9,5,153,2008
20,4.4,0.56,4.1,5,153,2009
33,4.6,0.73,3.2,5,153,2010
18,8.7,0.12,5.6,5,153,2011
19,3.9,0.32,6.9,5,153,2012
15,4.2,0.59,3.4,5,153,2013
35,3.9,0.21,4,5,153,2014
20,2.9,0.52,4.1,5,153,2015
28,4.2,0.37,6.5,5,153,2016
29,6,0.33,5.6,5,153,2017
24,7.1,0.22,5.5,5,153,2018
27,0.7,0.15,8,5,153,2019
14,2.7,0.63,7,5,153,2020
17,6.7,0.02,7.6,5,153,2021
13,5,0.7,2.8,5,153,2022
15,9.5,0.35,7.3,5,153,2023
11,8.7,0.57,3.7,5,153,2024
31,2.3,0.1,2.4,1,154,2000
25,8,0.47,7.6,1,154,2001
11,2.2,0.17,5,1,154,2002
29,2,0.1,4,1,154,2003
27,8.7,0.61,2.2,1,154,2004
24,6.2,0.06,7.9,1,154,2005
25,6.9,0.08,2.1,1,154,2006
15,6.1,0.54,3.4,1,154,2007
38,8.5,0.04,2.9,1,154,2008
9,0.4,0.45,4.1,1,154,2009
25,3,0.03,3.2,1,154,2010
18,4.1,0.06,5.6,1,154,2011
16,1.5,0.3,6.9,1,154,2012
28,8.9,0.2,3.4,1,154,2013
22,0.3,0.41,4,1,154,2014
27,4.3,0.58,4.1,1,154,2015
20,5.8,0.07,6.5,1,154,2016
14,4.4,0.68,5.6,1,154,2017
19,6.5,0.72,5.5,1,154,2018
27,9.3,0.19,8,1,154,2019
17,6.8,0.67,7,1,154,2020
13,1.3,0.13,7.6,1,154,2021
30,6.6,0.66,2.8,1,154,2022
20,9.9,0.64,7.3,1,154,2023
10,2.3,0.68,3.7,1,154,2024
26,5.7,0.74,2.4,1,155,2000
26,7.9,0.43,7.6,1,155,2001
12,3.9,0.22,5,1,155,2002
29,0,0.32,4,1,155,2003
20,3,0.02,2.2,1,155,2004
12,5.6,0.59,7.9,1,155,2005
19,2.9,0.36,2.1,1,155,2006
22,6.1,0.02,3.4,1,155,2007
24,5.7,0.17,2.9,1,155,2008
17,6.1,0.52,4.1,1,155,2009
26,3.5,0.23,3.2,1,155,2010
8,2.6,0.32,5.6,1,155,2011
16,0.5,0.22,6.9,1,155,2012
17,3.2,0.01,3.4,1,155,2013
17,7.8,0.29,4,1,155,2014
30,3.8,0.14,4.1,1,155,2015
20,5.6,0.14,6.5,1,155,2016
21,1.8,0.37,5.6,1,155,2017
25,7.4,0.34,5.5,1,155,2018
23,3.9,0.22,8,1,155,2019
19,11.6,0.62,7,1,155,2020
4,3.3,0.7,7.6,1,155,2021
16,4.5,0.75,2.8,1,155,2022
10,0,0.29,7.3,1,155,2023
15,4.4,0.75,3.7,1,155,2024
14,10.1,0.51,2.4,3,156,2000
27,7.6,0.19,7.6,3,156,2001
11,1.8,0.61,5,3,156,2002
17,6.2,0.44,4,3,156,2003
31,9.7,0.57,2.2,3,156,2004
32,6.5,0.39,7.9,3,156,2005
33,8.9,0.08,2.1,3,156,2006
17,5.1,0.33,3.4,3,156,2007
35,3.9,0.25,2.9,3,156,2008
21,5.3,0.63,4.1,3,156,2009
16,3.6,0.38,3.2,3,156,2010
10,4.9,0.14,5.6,3,156,2011
11,3.6,0.32,6.9,3,156,2012
13,1.6,0.64,3.4,3,156,2013
28,0,0.68,4,3,156,2014
26,2.9,0.01,4.1,3,156,2015
24,6.4,0.07,6.5,3,156,2016
15,2.3,0.41,5.6,3,156,2017
20,6.9,0.07,5.5,3,156,2018
17,4.1,0.63,8,3,156,2019
17,6.5,0.2,7,3,156,2020
10,3.2,0.33,7.6,3,156,2021
19,10,0.15,2.8,3,156,2022
17,6.1,0.03,7.3,3,156,2023
12,2.7,0.11,3.7,3,156,2024
26,1.5,0.06,2.4,3,157,2000
7,0,0.3,7.6,3,157,2001
16,5.2,0.5,5,3,157,2002
25,0.2,0.5,4,3,157,2003
17,2.8,0.28,2.2,3,157,2004
31,7.1,0.01,7.9,3,157,2005
47,9.2,0.11,2.1,3,157,2006
21,5.5,0.38,3.4,3,157,2007
33,6.2,0.6,2.9,3,157,2008
13,4.4,0.79,4.1,3,157,2009
37,6,0.16,3.2,3,157,2010
16,6.3,0.41,5.6,3,157,2011
34,10.2,0.49,6.9,3,157,2012
32,11,0.55,3.4,3,157,2013
12,3.4,0.47,4,3,157,2014
21,4.3,0.27,4.1,3,157,2015
14,4.5,0.23,6.5,3,157,2016
19,6.6,0.31,5.6,3,157,2017
10,2.6,0.66,5.5,3,157,2018
32,1.4,0.13,8,3,157,2019
44,8.6,0.03,7,3,157,2020
12,1.4,0.49,7.6,3,157,2021
21,2.8,0.43,2.8,3,157,2022
8,2.4,0.75,7.3,3,157,2023
15,0.5,0.79,3.7,3,157,2024
24,6.1,0.68,2.4,4,158,2000
29,2.3,0.69,7.6,4,158,2001
28,7.6,0.15,5,4,158,2002
22,0.2,0.66,4,4,158,2003
20,8.6,0.43,2.2,4,158,2004
16,6.1,0.78,7.9,4,158,2005
16,4.3,0.3,2.1,4,158,2006
23,5.3,0.07,3.4,4,158,2007
17,3.3,0.35,2.9,4,158,2008
9,8.8,0.66,4.1,4,158,2009
14,4.4,0.3,3.2,4,158,2010
11,8.1,0.44,5.6,4,158,2011
31,5.8,0.02,6.9,4,158,2012
14,2.4,0.79,3.4,4,158,2013
21,5.6,0.33,4,4,158,2014
27,5.9,0.68,4.1,4,158,2015
25,5.8,0.46,6.5,4,158,2016
21,3,0.2,5.6,4,158,2017
17,10.5,0.5,5.5,4,158,2018
23,5.5,0.45,8,4,158,2019
19,7.3,0.07,7,4,158,2020
26,6.4,0.39,7.6,4,158,2021
23,9.2,0.74,2.8,4,158,2022
28,8.9,0.01,7.3,4,158,2023
17,4.1,0.49,3.7,4,158,2024
22,2.5,0.31,2.4,1,159,2000
14,0,0.37,7.6,1,159,2001
15,6.9,0.56,5,1,159,2002
35,5.4,0.46,4,1,159,2003
16,0.1,0.16,2.2,1,159,2004
9,5.3,0.62,7.9,1,159,2005
36,4,0.05,2.1,1,159,2006
34,7.4,0.06,3.4,1,159,2007
25,3.9,0.44,2.9,1,159,2008
10,3.4,0.76,4.1,1,159,2009
22,1,0.45,3.2,1,159,2010
8,2,0.46,5.6,1,159,2011
11,0,0.53,6.9,1,159,2012
19,0.1,0.46,3.4,1,159,2013
30,1.8,0.49,4,1,159,2014
41,5.3,0.27,4.1,1,159,2015
16,2.1,0.28,6.5,1,159,2016
21,3.2,0.54,5.6,1,159,2017
21,11.4,0.54,5.5,1,159,2018
31,7.9,0.08,8,1,159,2019
14,3.3,0,7,1,159,2020
12,7,0.44,7.6,1,159,2021
24,8.2,0.59,2.8,1,159,2022
22,4.9,0.08,7.3,1,159,2023
13,0.7,0.6,3.7,1,159,2024
22,1.2,0.64,2.4,1,160,2000
8,3.9,0.63,7.6,1,160,2001
21,8.1,0.1,5,1,160,2002
26,3.6,0.62,4,1,160,2003
21,8.2,0.4,2.2,1,160,2004
24,3.2,0.53,7.9,1,160,2005
31,9.5,0.16,2.1,1,160,2006
23,4.3,0.04,3.4,1,160,2007
11,0,0.51,2.9,1,160,2008
14,0,0.1,4.1,1,160,2009
20,4.1,0.08,3.2,1,160,2010
15,8.1,0.16,5.6,1,160,2011
29,4.6,0.06,6.9,1,160,2012
29,6.5,0.13,3.4,1,160,2013
29,3.9,0.75,4,1,160,2014
24,5.9,0.56,4.1,1,160,2015
15,5.8,0.74,6.5,1,160,2016
39,6.2,0.44,5.6,1,160,2017
13,3.2,0.65,5.5,1,160,2018
34,3.4,0.22,8,1,160,2019
18,7,0,7,1,160,2020
13,0.5,0.08,7.6,1,160,2021
50,9.9,0.08,2.8,1,160,2022
16,5,0.01,7.3,1,160,2023
19,3.4,0.41,3.7,1,160,2024
24,3.7,0.06,2.4,1,161,2000
10,2.1,0.73,7.6,1,161,2001
11,9,0.79,5,1,161,2002
48,6.9,0.1,4,1,161,2003
20,8.3,0.5,2.2,1,161,2004
28,9.1,0.2,7.9,1,161,2005
25,0.2,0.56,2.1,1,161,2006
29,9.1,0.1,3.4,1,161,2007
21,1.8,0.24,2.9,1,161,2008
14,8.8,0.64,4.1,1,161,2009
26,8.1,0.53,3.2,1,161,2010
9,1.6,0.34,5.6,1,161,2011
12,5.6,0.58,6.9,1,161,2012
10,1.2,0.61,3.4,1,161,2013
38,7.3,0.79,4,1,161,2014
22,7.4,0.56,4.1,1,161,2015
12,0,0.63,6.5,1,161,2016
19,1.5,0.56,5.6,1,161,2017
18,4.4,0.11,5.5,1,161,2018
16,0.5,0.36,8,1,161,2019
36,5.7,0.12,7,1,161,2020
10,0,0.39,7.6,1,161,2021
38,9.3,0.34,2.8,1,161,2022
20,6.1,0.18,7.3,1,161,2023
23,7.9,0.41,3.7,1,161,2024
18,6,0.56,2.4,3,162,2000
13,8.1,0.73,7.6,3,162,2001
17,4.7,0.28,5,3,162,2002
47,7.9,0.47,4,3,162,2003
14,2.6,0.44,2.2,3,162,2004
15,1.2,0.42,7.9,3,162,2005
23,6.1,0.53,2.1,3,162,2006
22,4.9,0.07,3.4,3,162,2007
29,1.2,0,2.9,3,162,2008
12,2.5,0.45,4.1,3,162,2009
16,4.7,0.09,3.2,3,162,2010
18,5.3,0.2,5.6,3,162,2011
18,8.4,0.6,6.9,3,162,2012
22,4.1,0.34,3.4,3,162,2013
38,5,0.18,4,3,162,2014
15,6.9,0.29,4.1,3,162,2015
18,6.7,0.04,6.5,3,162,2016
43,4.9,0.12,5.6,3,162,2017
16,4.4,0.41,5.5,3,162,2018
34,2.2,0.29,8,3,162,2019
16,3.7,0.33,7,3,162,2020
22,9.3,0.14,7.6,3,162,2021
24,2,0.02,2.8,3,162,2022
20,11.5,0.59,7.3,3,162,2023
10,6.1,0.51,3.7,3,162,2024
20,5.4,0.68,2.4,1,163,2000
11,1.1,0.4,7.6,1,163,2001
10,8.1,0.63,5,1,163,2002
35,1.5,0.28,4,1,163,2003
7,0.2,0.72,2.2,1,163,2004
37,9.1,0.46,7.9,1,163,2005
20,3,0.56,2.1,1,163,2006
25,2,0.02,3.4,1,163,2007
13,5.6,0.66,2.9,1,163,2008
17,0,0.27,4.1,1,163,2009
24,4.6,0.36,3.2,1,163,2010
6,6.5,0.79,5.6,1,163,2011
18,1.5,0.36,6.9,1,163,2012
24,3.8,0.1,3.4,1,163,2013
30,6.9,0.11,4,1,163,2014
15,1.8,0.67,4.1,1,163,2015
12,7.3,0.69,6.5,1,163,2016
22,6.3,0.25,5.6,1,163,2017
17,0.1,0.33,5.5,1,163,2018
24,6.5,0.69,8,1,163,2019
20,3.2,0.67,7,1,163,2020
12,4.6,0.78,7.6,1,163,2021
35,7.8,0.14,2.8,1,163,2022
11,8.9,0.68,7.3,1,163,2023
13,6.1,0.34,3.7,1,163,2024
18,4.4,0.37,2.4,5,164,2000
12,5.9,0.11,7.6,5,164,2001
9,5,0.48,5,5,164,2002
47,7.2,0.2,4,5,164,2003
10,0.9,0.63,2.2,5,164,2004
27,8.4,0.36,7.9,5,164,2005
20,2.1,0.6,2.1,5,164,2006
19,9.7,0.08,3.4,5,164,2007
42,6,0.34,2.9,5,164,2008
47,7.1,0.68,4.1,5,164,2009
19,3.3,0.37,3.2,5,164,2010
13,8.1,0.66,5.6,5,164,2011
23,7.5,0.39,6.9,5,164,2012
27,3.9,0.57,3.4,5,164,2013
31,5.3,0.13,4,5,164,2014
21,8.2,0.51,4.1,5,164,2015
14,5,0.56,6.5,5,164,2016
13,2.4,0.61,5.6,5,164,2017
15,6.4,0.18,5.5,5,164,2018
29,5.4,0.7,8,5,164,2019
19,7.9,0.72,7,5,164,2020
7,7.7,0.48,7.6,5,164,2021
20,4,0.7,2.8,5,164,2022
18,5.6,0.48,7.3,5,164,2023
15,7.2,0.17,3.7,5,164,2024
30,10.4,0.46,2.4,2,165,2000
29,4.2,0.11,7.6,2,165,2001
21,8.9,0.28,5,2,165,2002
30,2.7,0.61,4,2,165,2003
25,1.1,0.05,2.2,2,165,2004
22,5.9,0.22,7.9,2,165,2005
29,2.9,0.73,2.1,2,165,2006
13,0,0.35,3.4,2,165,2007
34,7.1,0.42,2.9,2,165,2008
25,5.6,0.1,4.1,2,165,2009
16,5.4,0.46,3.2,2,165,2010
10,4.6,0.26,5.6,2,165,2011
26,8.9,0.72,6.9,2,165,2012
29,3.4,0.05,3.4,2,165,2013
33,6.2,0.41,4,2,165,2014
19,4.1,0.2,4.1,2,165,2015
19,3.2,0.18,6.5,2,165,2016
30,11.5,0.78,5.6,2,165,2017
17,3.6,0.15,5.5,2,165,2018
26,11.5,0.67,8,2,165,2019
16,5.4,0.57,7,2,165,2020
7,5.9,0.41,7.6,2,165,2021
16,2.4,0.3,2.8,2,165,2022
12,1.6,0.52,7.3,2,165,2023
15,4,0.71,3.7,2,165,2024
36,7.6,0.4,2.4,4,166,2000
8,0.4,0.12,7.6,4,166,2001
16,3.7,0.4,5,4,166,2002
68,9.8,0.66,4,4,166,2003
23,0,0.65,2.2,4,166,2004
30,3.5,0,7.9,4,166,2005
19,7.4,0.8,2.1,4,166,2006
15,3.8,0.7,3.4,4,166,2007
14,0,0.59,2.9,4,166,2008
13,1.2,0.04,4.1,4,166,2009
14,2.2,0.09,3.2,4,166,2010
13,5.2,0.34,5.6,4,166,2011
15,4.4,0.07,6.9,4,166,2012
27,7,0.1,3.4,4,166,2013
30,5.8,0.6,4,4,166,2014
43,7,0.1,4.1,4,166,2015
17,8.2,0.19,6.5,4,166,2016
16,4.4,0.77,5.6,4,166,2017
14,3.8,0.76,5.5,4,166,2018
18,7.7,0.2,8,4,166,2019
17,3.7,0,7,4,166,2020
18,5.6,0.05,7.6,4,166,2021
18,2.6,0.4,2.8,4,166,2022
17,4.7,0.38,7.3,4,166,2023
20,5.7,0.66,3.7,4,166,2024
22,7.7,0.43,2.4,5,167,2000
18,3.7,0.73,7.6,5,167,2001
13,6.2,0.26,5,5,167,2002
23,6.8,0.38,4,5,167,2003
43,8.3,0.01,2.2,5,167,2004
23,4.9,0.59,7.9,5,167,2005
27,9.8,0.58,2.1,5,167,2006
23,3.6,0.56,3.4,5,167,2007
18,6.1,0.18,2.9,5,167,2008
10,0,0.32,4.1,5,167,2009
8,0.2,0.17,3.2,5,167,2010
13,5.1,0.15,5.6,5,167,2011
39,2.5,0.19,6.9,5,167,2012
31,2.7,0.02,3.4,5,167,2013
19,0.9,0.77,4,5,167,2014
22,8.4,0.46,4.1,5,167,2015
24,4.2,0.22,6.5,5,167,2016
14,2.1,0.29,5.6,5,167,2017
15,0,0.76,5.5,5,167,2018
32,7.9,0.24,8,5,167,2019
17,5.1,0.68,7,5,167,2020
10,0.5,0.42,7.6,5,167,2021
25,8.3,0.72,2.8,5,167,2022
11,0.2,0.1,7.3,5,167,2023
13,6.1,0.61,3.7,5,167,2024
26,2.5,0.36,2.4,4,168,2000
30,4.6,0.52,7.6,4,168,2001
20,4.3,0.38,5,4,168,2002
25,6.1,0.53,4,4,168,2003
21,3,0.7,2.2,4,168,2004
22,6.2,0.57,7.9,4,168,2005
23,2.4,0.34,2.1,4,168,2006
14,0.6,0.77,3.4,4,168,2007
20,6.6,0.17,2.9,4,168,2008
20,1.2,0.46,4.1,4,168,2009
20,1.7,0.18,3.2,4,168,2010
15,9.3,0.42,5.6,4,168,2011
30,4.5,0.61,6.9,4,168,2012
35,7.4,0.28,3.4,4,168,2013
21,5.8,0.22,4,4,168,2014
11,1.8,0.47,4.1,4,168,2015
12,4.1,0.62,6.5,4,168,2016
26,5.9,0.76,5.6,4,168,2017
21,6.1,0.03,5.5,4,168,2018
25,3.7,0.78,8,4,168,2019
22,5.9,0.2,7,4,168,2020
15,9.7,0.4,7.6,4,168,2021
34,13,0.07,2.8,4,168,2022
17,0,0.42,7.3,4,168,2023
13,3.3,0.71,3.7,4,168,2024
36,6.2,0.54,2.4,1,169,2000
19,0,0.35,7.6,1,169,2001
22,8.4,0.4,5,1,169,2002
32,6.2,0.06,4,1,169,2003
23,1.6,0.45,2.2,1,169,2004
18,6.8,0.23,7.9,1,169,2005
29,4.7,0.55,2.1,1,169,2006
45,6.3,0.64,3.4,1,169,2007
26,12.7,0.03,2.9,1,169,2008
14,5,0.45,4.1,1,169,2009
13,6.1,0.11,3.2,1,169,2010
10,0.8,0.69,5.6,1,169,2011
19,1.3,0.4,6.9,1,169,2012
19,1.6,0.31,3.4,1,169,2013
45,6.1,0.33,4,1,169,2014
14,3,0.19,4.1,1,169,2015
20,3.7,0.53,6.5,1,169,2016
26,10,0.29,5.6,1,169,2017
16,8.4,0,5.5,1,169,2018
34,10.6,0.6,8,1,169,2019
21,3,0.19,7,1,169,2020
10,10,0.8,7.6,1,169,2021
27,5.4,0.2,2.8,1,169,2022
14,7.2,0.65,7.3,1,169,2023
9,0.5,0.79,3.7,1,169,2024
30,2.7,0.49,2.4,4,170,2000
30,5.5,0.45,7.6,4,170,2001
11,5.8,0.72,5,4,170,2002
35,11.1,0.39,4,4,170,2003
18,7.8,0.52,2.2,4,170,2004
18,9.5,0.67,7.9,4,170,2005
27,6.9,0.58,2.1,4,170,2006
12,2.5,0.33,3.4,4,170,2007
28,5.4,0.67,2.9,4,170,2008
20,5.5,0.03,4.1,4,170,2009
39,4.4,0.59,3.2,4,170,2010
11,8,0.46,5.6,4,170,2011
19,6.8,0.23,6.9,4,170,2012
73,6.1,0.29,3.4,4,170,2013
39,5.3,0.19,4,4,170,2014
23,2.7,0.19,4.1,4,170,2015
18,6.8,0.19,6.5,4,170,2016
17,0.4,0.36,5.6,4,170,2017
13,3.8,0.45,5.5,4,170,2018
28,5.3,0.4,8,4,170,2019
18,2.4,0.09,7,4,170,2020
10,3,0.56,7.6,4,170,2021
22,1.7,0.5,2.8,4,170,2022
31,5,0.05,7.3,4,170,2023
12,1.9,0.7,3.7,4,170,2024
26,6.2,0.8,2.4,5,171,2000
16,3.6,0.02,7.6,5,171,2001
19,6.1,0.34,5,5,171,2002
19,5.1,0.37,4,5,171,2003
27,7.5,0.13,2.2,5,171,2004
22,4,0.76,7.9,5,171,2005
48,4.1,0.49,2.1,5,171,2006
22,4.5,0.74,3.4,5,171,2007
16,3,0.73,2.9,5,171,2008
16,1.2,0.8,4.1,5,171,2009
13,4.1,0.7,3.2,5,171,2010
12,7.2,0.36,5.6,5,171,2011
12,5.1,0.62,6.9,5,171,2012
26,9,0.45,3.4,5,171,2013
44,7.6,0.23,4,5,171,2014
21,1.3,0.18,4.1,5,171,2015
14,3.6,0.49,6.5,5,171,2016
36,3.2,0.04,5.6,5,171,2017
13,7.5,0.73,5.5,5,171,2018
23,8.3,0.71,8,5,171,2019
15,4.5,0.26,7,5,171,2020
11,5,0.66,7.6,5,171,2021
23,4.3,0.42,2.8,5,171,2022
8,5.5,0.62,7.3,5,171,2023
14,2.7,0.36,3.7,5,171,2024
14,4.9,0.21,2.4,4,172,2000
28,7.1,0.14,7.6,4,172,2001
13,3.3,0.59,5,4,172,2002
27,3.5,0.54,4,4,172,2003
15,0,0.65,2.2,4,172,2004
28,3.6,0.76,7.9,4,172,2005
26,2.3,0.05,2.1,4,172,2006
18,6.4,0.74,3.4,4,172,2007
20,5.8,0.56,2.9,4,172,2008
13,4.8,0.6,4.1,4,172,2009
32,4.4,0.08,3.2,4,172,2010
18,5,0.23,5.6,4,172,2011
27,5.4,0.45,6.9,4,172,2012
15,7.9,0.49,3.4,4,172,2013
28,8.2,0.06,4,4,172,2014
20,2.1,0.36,4.1,4,172,2015
12,3.2,0.64,6.5,4,172,2016
26,6.7,0.12,5.6,4,172,2017
17,0,0.65,5.5,4,172,2018
12,0,0.77,8,4,172,2019
19,4.6,0.75,7,4,172,2020
13,8.9,0.47,7.6,4,172,2021
43,2.5,0.03,2.8,4,172,2022
12,1.2,0.7,7.3,4,172,2023
18,7.5,0.25,3.7,4,172,2024
45,6.1,0.16,2.4,4,173,2000
18,3.6,0.22,7.6,4,173,2001
17,5,0.08,5,4,173,2002
35,7.9,0.06,4,4,173,2003
16,2,0.79,2.2,4,173,2004
17,1.6,0.24,7.9,4,173,2005
22,7.1,0.56,2.1,4,173,2006
22,6.7,0.34,3.4,4,173,2007
24,5.6,0.62,2.9,4,173,2008
22,4.2,0.12,4.1,4,173,2009
21,2.6,0.69,3.2,4,173,2010
9,7.4,0.27,5.6,4,173,2011
14,2.2,0.52,6.9,4,173,2012
35,5.6,0.27,3.4,4,173,2013
14,3.1,0.78,4,4,173,2014
29,9.8,0.66,4.1,4,173,2015
27,6.8,0.03,6.5,4,173,2016
16,8.4,0.73,5.6,4,173,2017
13,5.8,0.63,5.5,4,173,2018
32,5.2,0.43,8,4,173,2019
14,5.3,0.76,7,4,173,2020
7,0,0.45,7.6,4,173,2021
20,0.3,0.44,2.8,4,173,2022
14,2.9,0.22,7.3,4,173,2023
18,5.4,0.16,3.7,4,173,2024
15,4.7,0.23,2.4,4,174,2000
16,8,0.48,7.6,4,174,2001
21,5.6,0.72,5,4,174,2002
18,0,0.38,4,4,174,2003
21,6.1,0.03,2.2,4,174,2004
25,6.4,0.59,7.9,4,174,2005
36,6,0.38,2.1,4,174,2006
19,4.9,0.43,3.4,4,174,2007
22,7.1,0.31,2.9,4,174,2008
13,6.8,0.78,4.1,4,174,2009
28,8.6,0.07,3.2,4,174,2010
7,3.8,0.66,5.6,4,174,2011
46,9.5,0.4,6.9,4,174,2012
28,5.5,0.63,3.4,4,174,2013
19,2,0.68,4,4,174,2014
16,5.4,0.34,4.1,4,174,2015
19,6.8,0.39,6.5,4,174,2016
32,7.4,0.33,5.6,4,174,2017
23,10,0.5,5.5,4,174,2018
26,5.9,0.76,8,4,174,2019
19,5.6,0.13,7,4,174,2020
11,4.1,0.73,7.6,4,174,2021
14,1.9,0.79,2.8,4,174,2022
13,5.4,0.14,7.3,4,174,2023
24,7.7,0.38,3.7,4,174,2024
28,5.8,0.25,2.4,4,175,2000
22,8.4,0.59,7.6,4,175,2001
10,2.2,0.01,5,4,175,2002
31,8,0.58,4,4,175,2003
12,11.1,0.45,2.2,4,175,2004
32,8,0.42,7.9,4,175,2005
17,2.9,0.65,2.1,4,175,2006
29,4.9,0.25,3.4,4,175,2007
17,2.8,0.26,2.9,4,175,2008
7,4.6,0.43,4.1,4,175,2009
25,4.1,0.09,3.2,4,175,2010
8,5.5,0.15,5.6,4,175,2011
29,7,0.66,6.9,4,175,2012
25,2.4,0.18,3.4,4,175,2013
33,8.5,0.26,4,4,175,2014
16,4.2,0.43,4.1,4,175,2015
30,4.5,0.41,6.5,4,175,2016
23,8,0.15,5.6,4,175,2017
31,10.9,0.01,5.5,4,175,2018
19,6.1,0.47,8,4,175,2019
16,2.6,0.15,7,4,175,2020
11,5.2,0.58,7.6,4,175,2021
22,6.1,0.47,2.8,4,175,2022
17,5.5,0.64,7.3,4,175,2023
15,3.1,0.59,3.7,4,175,2024
20,8.3,0.25,2.4,2,176,2000
14,0,0.22,7.6,2,176,2001
12,0.9,0.39,5,2,176,2002
24,4.3,0.22,4,2,176,2003
15,3,0.14,2.2,2,176,2004
27,0.8,0.4,7.9,2,176,2005
51,7.6,0.61,2.1,2,176,2006
20,4.5,0.14,3.4,2,176,2007
26,7.3,0.33,2.9,2,176,2008
19,5.5,0.53,4.1,2,176,2009
21,3.8,0.44,3.2,2,176,2010
22,6.6,0.13,5.6,2,176,2011
21,8.1,0.13,6.9,2,176,2012
55,6,0.27,3.4,2,176,2013
26,3,0.32,4,2,176,2014
13,7.4,0.65,4.1,2,176,2015
29,6.7,0.05,6.5,2,176,2016
11,4.4,0.63,5.6,2,176,2017
12,5.7,0.37,5.5,2,176,2018
19,5.5,0.76,8,2,176,2019
34,4.1,0.07,7,2,176,2020
11,0.8,0.04,7.6,2,176,2021
19,1.6,0.71,2.8,2,176,2022
21,1.8,0.02,7.3,2,176,2023
25,5.4,0.56,3.7,2,176,2024
21,8.2,0.62,2.4,4,177,2000
29,5.9,0.09,7.6,4,177,2001
22,8.4,0.17,5,4,177,2002
55,1.7,0.09,4,4,177,2003
22,10,0.21,2.2,4,177,2004
16,6.9,0.15,7.9,4,177,2005
25,0,0.77,2.1,4,177,2006
22,6.2,0.8,3.4,4,177,2007
11,3.6,0.31,2.9,4,177,2008
13,2.7,0.26,4.1,4,177,2009
22,6.5,0.01,3.2,4,177,2010
18,8.6,0.65,5.6,4,177,2011
13,0,0.26,6.9,4,177,2012
25,4.3,0.62,3.4,4,177,2013
28,4.2,0.69,4,4,177,2014
22,4,0.26,4.1,4,177,2015
14,4.3,0.21,6.5,4,177,2016
23,5.1,0.17,5.6,4,177,2017
18,6.6,0.33,5.5,4,177,2018
19,6.8,0.59,8,4,177,2019
15,4.4,0.66,7,4,177,2020
14,6.1,0.36,7.6,4,177,2021
52,11.4,0.69,2.8,4,177,2022
26,6.2,0.49,7.3,4,177,2023
10,0.3,0.6,3.7,4,177,2024
27,5.2,0.77,2.4,2,178,2000
14,5.4,0.52,7.6,2,178,2001
16,8.6,0.73,5,2,178,2002
34,6,0.25,4,2,178,2003
22,4.1,0.12,2.2,2,178,2004
19,5.6,0.37,7.9,2,178,2005
20,3,0.41,2.1,2,178,2006
31,6.6,0.74,3.4,2,178,2007
18,6.9,0.37,2.9,2,178,2008
30,7.4,0.21,4.1,2,178,2009
13,4.2,0.77,3.2,2,178,2010
8,5.7,0.65,5.6,2,178,2011
20,6.6,0.69,6.9,2,178,2012
15,4.3,0.28,3.4,2,178,2013
36,2,0.77,4,2,178,2014
12,5.3,0.4,4.1,2,178,2015
26,3.1,0.05,6.5,2,178,2016
19,6.8,0.17,5.6,2,178,2017
15,12.3,0.67,5.5,2,178,2018
23,5,0.24,8,2,178,2019
20,4.5,0.19,7,2,178,2020
6,8.6,0.17,7.6,2,178,2021
15,1,0.36,2.8,2,178,2022
24,3.9,0.07,7.3,2,178,2023
13,2.4,0.39,3.7,2,178,2024
52,10.7,0.08,2.4,5,179,2000
16,0,0.24,7.6,5,179,2001
19,5.2,0.33,5,5,179,2002
45,7.3,0.06,4,5,179,2003
25,6.5,0.09,2.2,5,179,2004
12,3.4,0.3,7.9,5,179,2005
40,5.2,0.68,2.1,5,179,2006
24,1.4,0.45,3.4,5,179,2007
14,2.8,0.59,2.9,5,179,2008
18,4,0.31,4.1,5,179,2009
26,2.3,0.72,3.2,5,179,2010
17,2.9,0.03,5.6,5,179,2011
26,3.6,0.19,6.9,5,179,2012
39,11.8,0.64,3.4,5,179,2013
16,4.8,0.02,4,5,179,2014
27,0,0.12,4.1,5,179,2015
40,8,0.58,6.5,5,179,2016
30,5.6,0.32,5.6,5,179,2017
18,1.6,0.71,5.5,5,179,2018
29,3.5,0.16,8,5,179,2019
18,8,0.4,7,5,179,2020
17,5,0.12,7.6,5,179,2021
17,4.3,0.5,2.8,5,179,2022
11,4.2,0.49,7.3,5,179,2023
14,7.3,0.6,3.7,5,179,2024
35,4.1,0.22,2.4,3,180,2000
30,8.2,0.32,7.6,3,180,2001
19,0,0.26,5,3,180,2002
32,3.1,0.65,4,3,180,2003
32,4.6,0.02,2.2,3,180,2004
27,1.5,0.05,7.9,3,180,2005
42,13.3,0.56,2.1,3,180,2006
23,2.9,0.63,3.4,3,180,2007
14,4.7,0.02,2.9,3,180,2008
10,5.4,0.37,4.1,3,180,2009
25,7.1,0.24,3.2,3,180,2010
8,1.8,0.36,5.6,3,180,2011
63,9.5,0.01,6.9,3,180,2012
24,7.3,0.1,3.4,3,180,2013
33,2.2,0.12,4,3,180,2014
18,6.2,0.7,4.1,3,180,2015
14,5,0.45,6.5,3,180,2016
18,2,0.78,5.6,3,180,2017
20,1.3,0.71,5.5,3,180,2018
32,6.2,0.71,8,3,180,2019
20,4.4,0.59,7,3,180,2020
11,4.7,0.47,7.6,3,180,2021
12,0.1,0.6,2.8,3,180,2022
21,2.7,0.33,7.3,3,180,2023
22,3,0.49,3.7,3,180,2024
14,2.5,0.21,2.4,1,181,2000
10,3.6,0.6,7.6,1,181,2001
17,4.6,0.51,5,1,181,2002
25,4.2,0.15,4,1,181,2003
18,4,0.62,2.2,1,181,2004
32,4.9,0.68,7.9,1,181,2005
19,1.4,0.12,2.1,1,181,2006
33,7.1,0.09,3.4,1,181,2007
29,6,0.4,2.9,1,181,2008
15,3.2,0.77,4.1,1,181,2009
14,1.1,0.2,3.2,1,181,2010
20,5,0.2,5.6,1,181,2011
18,0,0.19,6.9,1,181,2012
30,7.8,0.14,3.4,1,181,2013
29,3.6,0.72,4,1,181,2014
17,0.6,0.47,4.1,1,181,2015
11,3,0.6,6.5,1,181,2016
30,9.7,0.74,5.6,1,181,2017
17,5.5,0.12,5.5,1,181,2018
25,2.4,0.18,8,1,181,2019
18,3.3,0.23,7,1,181,2020
20,8.4,0.3,7.6,1,181,2021
15,4.1,0.54,2.8,1,181,2022
16,7.8,0.73,7.3,1,181,2023
10,5.8,0.55,3.7,1,181,2024
24,11,0.44,2.4,5,182,2000
31,6.2,0.36,7.6,5,182,2001
14,0,0.2,5,5,182,2002
25,10,0.56,4,5,182,2003
28,8.2,0.45,2.2,5,182,2004
12,1.6,0.24,7.9,5,182,2005
24,4.2,0.69,2.1,5,182,2006
46,8.8,0.27,3.4,5,182,2007
19,2.9,0.29,2.9,5,182,2008
18,3.4,0.37,4.1,5,182,2009
11,1.1,0.78,3.2,5,182,2010
14,8.8,0.62,5.6,5,182,2011
14,1.6,0.52,6.9,5,182,2012
20,3.7,0.44,3.4,5,182,2013
36,7.4,0.41,4,5,182,2014
18,5.6,0.37,4.1,5,182,2015
17,3.5,0.31,6.5,5,182,2016
18,1.3,0.19,5.6,5,182,2017
28,9.4,0.2,5.5,5,182,2018
36,11.3,0.44,8,5,182,2019
17,9,0.75,7,5,182,2020
12,9.4,0.33,7.6,5,182,2021
28,7,0.39,2.8,5,182,2022
29,9.2,0.28,7.3,5,182,2023
11,3.1,0.01,3.7,5,182,2024
13,0,0.28,2.4,1,183,2000
10,2.8,0.46,7.6,1,183,2001
14,6.2,0.15,5,1,183,2002
24,3.7,0.42,4,1,183,2003
21,3.2,0.11,2.2,1,183,2004
14,8,0.58,7.9,1,183,2005
36,0,0.32,2.1,1,183,2006
19,8.7,0.09,3.4,1,183,2007
21,4.7,0.34,2.9,1,183,2008
12,1.3,0.49,4.1,1,183,2009
26,6.8,0.59,3.2,1,183,2010
13,1,0.42,5.6,1,183,2011
25,8.3,0.24,6.9,1,183,2012
15,4.1,0.32,3.4,1,183,2013
30,2.1,0.14,4,1,183,2014
25,6.1,0.34,4.1,1,183,2015
26,0,0.34,6.5,1,183,2016
22,7.6,0.34,5.6,1,183,2017
11,0,0.3,5.5,1,183,2018
17,2.4,0.58,8,1,183,2019
9,6.1,0.78,7,1,183,2020
12,9.1,0.41,7.6,1,183,2021
13,2.5,0.4,2.8,1,183,2022
15,1.2,0.25,7.3,1,183,2023
24,3.9,0.03,3.7,1,183,2024
19,5.4,0.3,2.4,1,184,2000
25,5.8,0,7.6,1,184,2001
13,7.8,0.79,5,1,184,2002
32,6.7,0.57,4,1,184,2003
13,1.4,0.71,2.2,1,184,2004
15,3.5,0.64,7.9,1,184,2005
28,5.9,0.03,2.1,1,184,2006
17,3.6,0.51,3.4,1,184,2007
15,3.5,0.4,2.9,1,184,2008
33,5,0.13,4.1,1,184,2009
33,11.6,0.42,3.2,1,184,2010
9,4.1,0.16,5.6,1,184,2011
33,9.1,0.53,6.9,1,184,2012
39,11.2,0.62,3.4,1,184,2013
20,7.1,0.57,4,1,184,2014
21,3.4,0.79,4.1,1,184,2015
30,7,0.08,6.5,1,184,2016
31,4.4,0.16,5.6,1,184,2017
13,5.6,0.76,5.5,1,184,2018
26,6.2,0.61,8,1,184,2019
20,5.8,0.05,7,1,184,2020
16,7,0.01,7.6,1,184,2021
12,2,0.23,2.8,1,184,2022
18,4.2,0.74,7.3,1,184,2023
14,2.9,0.4,3.7,1,184,2024
29,5,0.29,2.4,4,185,2000
17,3.1,0.41,7.6,4,185,2001
17,0.3,0.08,5,4,185,2002
30,0.9,0.08,4,4,185,2003
12,1.8,0.36,2.2,4,185,2004
28,5.9,0.67,7.9,4,185,2005
19,2.3,0.27,2.1,4,185,2006
16,2.2,0.1,3.4,4,185,2007
16,6.3,0.69,2.9,4,185,2008
8,1.8,0.76,4.1,4,185,2009
19,2.3,0.55,3.2,4,185,2010
9,7.8,0.54,5.6,4,185,2011
16,1.4,0.37,6.9,4,185,2012
14,6.9,0.63,3.4,4,185,2013
17,6.1,0.37,4,4,185,2014
27,0,0.37,4.1,4,185,2015
17,0.8,0.73,6.5,4,185,2016
19,10.8,0.74,5.6,4,185,2017
20,2.2,0.06,5.5,4,185,2018
24,0,0.35,8,4,185,2019
12,4.5,0.74,7,4,185,2020
10,4.8,0.08,7.6,4,185,2021
19,6.4,0.26,2.8,4,185,2022
24,8.6,0.64,7.3,4,185,2023
16,7,0.17,3.7,4,185,2024
21,5.2,0.4,2.4,5,186,2000
25,5.5,0.38,7.6,5,186,2001
15,4.1,0.27,5,5,186,2002
54,6.4,0.28,4,5,186,2003
32,6.8,0.06,2.2,5,186,2004
29,4,0.36,7.9,5,186,2005
22,3.5,0.31,2.1,5,186,2006
23,3.2,0.16,3.4,5,186,2007
18,2.2,0.4,2.9,5,186,2008
12,7.8,0.58,4.1,5,186,2009
20,0.6,0.52,3.2,5,186,2010
8,1.1,0.22,5.6,5,186,2011
18,3.6,0.11,6.9,5,186,2012
24,3.4,0.45,3.4,5,186,2013
28,1.3,0.3,4,5,186,2014
37,0,0.01,4.1,5,186,2015
27,6,0.46,6.5,5,186,2016
45,7,0.02,5.6,5,186,2017
22,5.5,0.11,5.5,5,186,2018
22,6.3,0.45,8,5,186,2019
15,3.6,0.23,7,5,186,2020
6,2.8,0.02,7.6,5,186,2021
9,1.2,0.64,2.8,5,186,2022
10,6.3,0.49,7.3,5,186,2023
32,12.1,0.08,3.7,5,186,2024
37,8.8,0.11,2.4,5,187,2000
15,7.2,0.64,7.6,5,187,2001
11,0.1,0.32,5,5,187,2002
25,3.9,0.11,4,5,187,2003
11,4.9,0,2.2,5,187,2004
15,1.6,0.31,7.9,5,187,2005
29,6.2,0.19,2.1,5,187,2006
24,5.3,0.05,3.4,5,187,2007
18,9.9,0.76,2.9,5,187,2008
22,6.5,0.51,4.1,5,187,2009
16,4,0.07,3.2,5,187,2010
12,1.4,0.54,5.6,5,187,2011
27,9.6,0.7,6.9,5,187,2012
25,0,0.41,3.4,5,187,2013
27,6.7,0.19,4,5,187,2014
26,2.6,0.65,4.1,5,187,2015
30,10,0.07,6.5,5,187,2016
26,6.7,0.69,5.6,5,187,2017
21,6.6,0.63,5.5,5,187,2018
49,6.1,0.05,8,5,187,2019
14,7,0.38,7,5,187,2020
21,7.4,0.38,7.6,5,187,2021
25,6.2,0.36,2.8,5,187,2022
13,6.1,0.37,7.3,5,187,2023
9,2.9,0.59,3.7,5,187,2024
34,5.3,0.33,2.4,1,188,2000
39,5.7,0.11,7.6,1,188,2001
20,4.1,0.01,5,1,188,2002
13,2.2,0.18,4,1,188,2003
8,4.2,0.69,2.2,1,188,2004
24,4.3,0.47,7.9,1,188,2005
22,4.7,0.79,2.1,1,188,2006
15,4.6,0.66,3.4,1,188,2007
25,7,0.38,2.9,1,188,2008
16,5.1,0.03,4.1,1,188,2009
16,7.2,0.6,3.2,1,188,2010
9,2.8,0.25,5.6,1,188,2011
40,8.1,0.27,6.9,1,188,2012
24,0.2,0.28,3.4,1,188,2013
14,8.2,0.76,4,1,188,2014
26,5.1,0.42,4.1,1,188,2015
18,7.1,0.04,6.5,1,188,2016
20,6.7,0.67,5.6,1,188,2017
15,4.6,0.78,5.5,1,188,2018
27,3.6,0.69,8,1,188,2019
21,0.7,0.53,7,1,188,2020
12,10.9,0.53,7.6,1,188,2021
15,3.7,0.32,2.8,1,188,2022
12,4.2,0.42,7.3,1,188,2023
28,9.8,0.02,3.7,1,188,2024
17,2,0.3,2.4,5,189,2000
25,4.7,0.29,7.6,5,189,2001
13,2.9,0.78,5,5,189,2002
15,1.1,0.64,4,5,189,2003
17,5,0.22,2.2,5,189,2004
28,1,0.39,7.9,5,189,2005
16,0.8,0.64,2.1,5,189,2006
38,5.9,0.08,3.4,5,189,2007
25,8.6,0.43,2.9,5,189,2008
12,3.1,0.39,4.1,5,189,2009
17,7.9,0.24,3.2,5,189,2010
21,2.9,0.45,5.6,5,189,2011
17,4.2,0.18,6.9,5,189,2012
29,5.9,0.34,3.4,5,189,2013
17,0.8,0.67,4,5,189,2014
15,6.1,0.68,4.1,5,189,2015
22,6.3,0.61,6.5,5,189,2016
21,7.7,0.17,5.6,5,189,2017
10,0.8,0.76,5.5,5,189,2018
21,7.9,0.45,8,5,189,2019
30,9.7,0.14,7,5,189,2020
8,0,0.37,7.6,5,189,2021
35,8.3,0.77,2.8,5,189,2022
12,3,0.01,7.3,5,189,2023
15,7.1,0.09,3.7,5,189,2024
17,0.2,0.36,2.4,2,190,2000
11,7,0.51,7.6,2,190,2001
39,6.3,0.23,5,2,190,2002
29,0,0.09,4,2,190,2003
22,4.9,0.27,2.2,2,190,2004
22,5.1,0.28,7.9,2,190,2005
22,5.5,0.77,2.1,2,190,2006
19,7.4,0.47,3.4,2,190,2007
19,7.4,0.5,2.9,2,190,2008
27,5.8,0.23,4.1,2,190,2009
27,4,0.59,3.2,2,190,2010
11,4.3,0.17,5.6,2,190,2011
21,7.4,0.23,6.9,2,190,2012
22,8.7,0.63,3.4,2,190,2013
27,0.5,0.61,4,2,190,2014
30,7.3,0.02,4.1,2,190,2015
28,7.2,0.12,6.5,2,190,2016
15,2.9,0.1,5.6,2,190,2017
11,3,0.57,5.5,2,190,2018
38,11.4,0.54,8,2,190,2019
17,3.6,0.54,7,2,190,2020
11,3.2,0.47,7.6,2,190,2021
35,4.9,0.3,2.8,2,190,2022
18,7,0.14,7.3,2,190,2023
17,5.4,0.63,3.7,2,190,2024
23,0,0.31,2.4,3,191,2000
19,3.3,0.01,7.6,3,191,2001
7,1.2,0.38,5,3,191,2002
23,0.4,0.2,4,3,191,2003
10,0.2,0.62,2.2,3,191,2004
15,5.2,0.65,7.9,3,191,2005
30,2.3,0.79,2.1,3,191,2006
19,3.9,0.35,3.4,3,191,2007
23,3.8,0.48,2.9,3,191,2008
17,3.9,0.36,4.1,3,191,2009
23,4.9,0.23,3.2,3,191,2010
9,8.8,0.57,5.6,3,191,2011
21,6,0.72,6.9,3,191,2012
29,4.4,0.03,3.4,3,191,2013
29,8,0.04,4,3,191,2014
44,5.8,0.76,4.1,3,191,2015
15,1.7,0.67,6.5,3,191,2016
21,7.2,0.63,5.6,3,191,2017
11,6.4,0.79,5.5,3,191,2018
26,3.6,0.08,8,3,191,2019
26,5.7,0.3,7,3,191,2020
15,9.9,0.63,7.6,3,191,2021
25,8,0.56,2.8,3,191,2022
15,7.1,0.03,7.3,3,191,2023
16,9.6,0.01,3.7,3,191,2024
42,7.4,0.16,2.4,4,192,2000
8,0.1,0.74,7.6,4,192,2001
18,8.2,0.05,5,4,192,2002
29,6.7,0.41,4,4,192,2003
16,4.6,0.54,2.2,4,192,2004
19,4.4,0.03,7.9,4,192,2005
38,2.5,0.37,2.1,4,192,2006
22,5.3,0.61,3.4,4,192,2007
22,9.5,0.38,2.9,4,192,2008
15,1.4,0.4,4.1,4,192,2009
18,8.1,0.61,3.2,4,192,2010
18,9.1,0.14,5.6,4,192,2011
18,5.4,0.73,6.9,4,192,2012
21,1.9,0.1,3.4,4,192,2013
20,9.6,0.72,4,4,192,2014
25,0,0.75,4.1,4,192,2015
23,5.9,0.07,6.5,4,192,2016
27,7.6,0.23,5.6,4,192,2017
21,6.1,0.75,5.5,4,192,2018
16,3.4,0.56,8,4,192,2019
25,9.6,0.51,7,4,192,2020
13,5.9,0.69,7.6,4,192,2021
20,6.1,0.29,2.8,4,192,2022
14,5.4,0.53,7.3,4,192,2023
14,9.1,0.66,3.7,4,192,2024
13,0,0.46,2.4,1,193,2000
17,2.5,0.65,7.6,1,193,2001
14,5.8,0.44,5,1,193,2002
23,6.3,0.79,4,1,193,2003
25,4.3,0.77,2.2,1,193,2004
18,9.6,0.37,7.9,1,193,2005
29,1.1,0.2,2.1,1,193,2006
10,2.1,0.35,3.4,1,193,2007
19,3.7,0.43,2.9,1,193,2008
23,1.9,0.73,4.1,1,193,2009
10,0,0.71,3.2,1,193,2010
20,10.6,0.45,5.6,1,193,2011
43,2.1,0.55,6.9,1,193,2012
37,6.2,0.45,3.4,1,193,2013
41,7.2,0.25,4,1,193,2014
9,1.4,0.68,4.1,1,193,2015
19,0.3,0.46,6.5,1,193,2016
25,5.5,0.11,5.6,1,193,2017
28,5.9,0.61,5.5,1,193,2018
36,10.4,0.14,8,1,193,2019
17,6.8,0.64,7,1,193,2020
10,3.7,0.65,7.6,1,193,2021
14,0,0.73,2.8,1,193,2022
17,7.2,0.36,7.3,1,193,2023
20,0.6,0.02,3.7,1,193,2024
19,8,0.2,2.4,1,194,2000
19,5.3,0.62,7.6,1,194,2001
11,2.4,0.68,5,1,194,2002
18,1.4,0.43,4,1,194,2003
22,2.6,0.56,2.2,1,194,2004
31,10.6,0.41,7.9,1,194,2005
40,10.1,0.7,2.1,1,194,2006
10,0,0.26,3.4,1,194,2007
21,10.1,0.66,2.9,1,194,2008
25,9.9,0.12,4.1,1,194,2009
21,10.9,0.47,3.2,1,194,2010
19,7.4,0.09,5.6,1,194,2011
40,5.2,0.65,6.9,1,194,2012
31,7.3,0.79,3.4,1,194,2013
26,5.9,0.13,4,1,194,2014
22,4.2,0.16,4.1,1,194,2015
16,5.8,0.27,6.5,1,194,2016
24,5.2,0.66,5.6,1,194,2017
17,1.1,0.21,5.5,1,194,2018
16,8.2,0.45,8,1,194,2019
26,3,0.32,7,1,194,2020
16,6.4,0.4,7.6,1,194,2021
15,4.6,0.36,2.8,1,194,2022
23,9.1,0.22,7.3,1,194,2023
26,4.8,0.43,3.7,1,194,2024
29,5.2,0.24,2.4,3,195,2000
30,6.9,0.17,7.6,3,195,2001
15,4.5,0.57,5,3,195,2002
55,6.2,0.06,4,3,195,2003
15,3.2,0.26,2.2,3,195,2004
16,3.1,0.39,7.9,3,195,2005
55,5.9,0.28,2.1,3,195,2006
26,8.2,0.2,3.4,3,195,2007
13,4.2,0.65,2.9,3,195,2008
18,7.2,0.36,4.1,3,195,2009
10,5.2,0.27,3.2,3,195,2010
21,8.4,0.1,5.6,3,195,2011
26,6.2,0.65,6.9,3,195,2012
26,3.7,0.2,3.4,3,195,2013
21,2.2,0.16,4,3,195,2014
23,5.1,0.59,4.1,3,195,2015
31,7.7,0.04,6.5,3,195,2016
16,4.5,0.15,5.6,3,195,2017
22,5.3,0.43,5.5,3,195,2018
20,6.3,0.59,8,3,195,2019
27,5.7,0.64,7,3,195,2020
10,6.7,0.43,7.6,3,195,2021
37,5.7,0.33,2.8,3,195,2022
18,6.1,0.09,7.3,3,195,2023
10,2.4,0.57,3.7,3,195,2024
23,9.6,0.37,2.4,1,196,2000
19,4.2,0.37,7.6,1,196,2001
31,5.5,0.02,5,1,196,2002
17,2.3,0.59,4,1,196,2003
19,6.5,0.42,2.2,1,196,2004
11,2.4,0.25,7.9,1,196,2005
47,3.9,0.12,2.1,1,196,2006
18,5.2,0.51,3.4,1,196,2007
19,9.8,0.66,2.9,1,196,2008
18,0,0.16,4.1,1,196,2009
35,5,0.37,3.2,1,196,2010
17,5.4,0.24,5.6,1,196,2011
22,0,0.13,6.9,1,196,2012
15,7.6,0.52,3.4,1,196,2013
28,8.8,0.03,4,1,196,2014
37,7.3,0.17,4.1,1,196,2015
10,3.6,0.6,6.5,1,196,2016
21,9.6,0.69,5.6,1,196,2017
11,7,0.59,5.5,1,196,2018
27,6.1,0.44,8,1,196,2019
23,5.1,0.53,7,1,196,2020
9,3.2,0.53,7.6,1,196,2021
25,7.5,0.51,2.8,1,196,2022
12,3.6,0.08,7.3,1,196,2023
10,6.5,0.18,3.7,1,196,2024
20,3.7,0.44,2.4,1,197,2000
21,3.9,0.46,7.6,1,197,2001
11,7.4,0.03,5,1,197,2002
38,8.5,0.5,4,1,197,2003
16,2.6,0.69,2.2,1,197,2004
25,5,0.15,7.9,1,197,2005
35,2.4,0.14,2.1,1,197,2006
24,9.6,0.03,3.4,1,197,2007
17,4.3,0.55,2.9,1,197,2008
22,6.5,0.14,4.1,1,197,2009
17,1,0.13,3.2,1,197,2010
7,4.9,0.51,5.6,1,197,2011
14,3.5,0.43,6.9,1,197,2012
27,7.9,0.62,3.4,1,197,2013
20,2.8,0.76,4,1,197,2014
29,6.6,0.36,4.1,1,197,2015
44,8.8,0.71,6.5,1,197,2016
17,4.2,0.76,5.6,1,197,2017
24,6.9,0.18,5.5,1,197,2018
13,0,0.67,8,1,197,2019
15,3,0,7,1,197,2020
11,7.4,0.11,7.6,1,197,2021
30,6.6,0.34,2.8,1,197,2022
18,7.5,0.28,7.3,1,197,2023
12,0,0.68,3.7,1,197,2024
34,7.7,0.18,2.4,1,198,2000
24,4.8,0.08,7.6,1,198,2001
26,8.9,0.29,5,1,198,2002
38,7.9,0.46,4,1,198,2003
21,6.3,0.01,2.2,1,198,2004
15,1.9,0.34,7.9,1,198,2005
12,5.1,0.44,2.1,1,198,2006
21,4.9,0.61,3.4,1,198,2007
10,2.2,0.71,2.9,1,198,2008
14,4.8,0.45,4.1,1,198,2009
38,4.7,0.01,3.2,1,198,2010
14,10.3,0.27,5.6,1,198,2011
22,5.1,0.53,6.9,1,198,2012
30,3,0.59,3.4,1,198,2013
37,5,0.51,4,1,198,2014
15,2.5,0.32,4.1,1,198,2015
21,7.3,0.01,6.5,1,198,2016
28,6.8,0.28,5.6,1,198,2017
21,6.2,0.26,5.5,1,198,2018
32,7.8,0.22,8,1,198,2019
14,2.5,0.22,7,1,198,2020
5,0.1,0.51,7.6,1,198,2021
32,6.6,0.43,2.8,1,198,2022
10,5.2,0.22,7.3,1,198,2023
13,6.7,0.72,3.7,1,198,2024
16,0,0.46,2.4,3,199,2000
36,6.5,0.75,7.6,3,199,2001
18,7.5,0.29,5,3,199,2002
26,5.1,0.45,4,3,199,2003
25,6.6,0.24,2.2,3,199,2004
17,5.8,0.61,7.9,3,199,2005
21,3.8,0.74,2.1,3,199,2006
17,6.7,0.51,3.4,3,199,2007
16,4.6,0.79,2.9,3,199,2008
8,0,0.58,4.1,3,199,2009
17,2.4,0.71,3.2,3,199,2010
7,1.9,0.54,5.6,3,199,2011
23,6,0.37,6.9,3,199,2012
25,6.9,0.59,3.4,3,199,2013
25,6.3,0.37,4,3,199,2014
24,1.7,0.47,4.1,3,199,2015
20,7.9,0.75,6.5,3,199,2016
43,0.7,0.27,5.6,3,199,2017
15,2.2,0.11,5.5,3,199,2018
34,6.4,0.51,8,3,199,2019
10,2.2,0.65,7,3,199,2020
10,9.3,0.72,7.6,3,199,2021
15,2.8,0.36,2.8,3,199,2022
25,3.7,0.19,7.3,3,199,2023
17,4.2,0.54,3.7,3,199,2024
21,8.9,0.65,2.4,4,200,2000
15,1.3,0.15,7.6,4,200,2001
23,6.3,0.16,5,4,200,2002
28,0,0.11,4,4,200,2003
20,5.7,0.05,2.2,4,200,2004
14,0,0.05,7.9,4,200,2005
40,9,0.09,2.1,4,200,2006
19,5,0.74,3.4,4,200,2007
17,0,0.35,2.9,4,200,2008
17,7.7,0.43,4.1,4,200,2009
12,3,0.2,3.2,4,200,2010
9,3.6,0.39,5.6,4,200,2011
26,7.2,0.08,6.9,4,200,2012
26,3.9,0.45,3.4,4,200,2013
19,6,0.55,4,4,200,2014
30,4.4,0.47,4.1,4,200,2015
14,0,0.8,6.5,4,200,2016
18,9,0.7,5.6,4,200,2017
13,2.8,0.55,5.5,4,200,2018
27,6.6,0.76,8,4,200,2019
14,5.5,0.6,7,4,200,2020
11,6.2,0.47,7.6,4,200,2021
29,2.6,0.39,2.8,4,200,2022
15,5.6,0.03,7.3,4,200,2023
18,6.3,0.44,3.7,4,200,2024
